,Gene1,Gene2,Series,RECON,Experiment_Freq,Safety_Ratio,Gene1_Symbol,Gene2_Symbol
0,54675,11212,"['CALU3_12H', 'CALU3_24H', 'CALU3_4H', 'CALU3_8H', 'H1299_12H', 'H1299_24H', 'H1299_36H', 'H1299_4H', 'S1', 'S16', 'S2', 'S5', 'S6', 'S7']","['2', '3', '2', '3', '2', '3', '2', '3', '2', '3', '2', '2', '3', '2', '3', '2', '3', '2', '3', '2', '2', '3', '2', '2', '3']",14,10,CRLS1,PLPBP
1,259230,11212,"['CALU3_12H', 'CALU3_24H', 'CALU3_4H', 'CALU3_8H', 'H1299_12H', 'H1299_24H', 'H1299_36H', 'H1299_4H', 'S1', 'S16', 'S2', 'S5', 'S6', 'S7']","['2', '3', '2', '2', '3', '2', '3', '2', '3', '2', '2', '3', '2', '3', '2', '2', '3', '2', '2', '3', '2', '2', '3']",14,9,SGMS1,PLPBP
2,6240,50484,"['CALU3_12H', 'CALU3_24H', 'CALU3_4H', 'CALU3_8H', 'H1299_12H', 'H1299_24H', 'H1299_36H', 'H1299_4H', 'S1', 'S16', 'S2', 'S5', 'S6', 'S7']","['2', '2', '2', '2', '2', '2', '2', '2', '2', '2', '2', '2', '2', '2']",14,0,RRM1,RRM2B
3,50484,6241,"['CALU3_12H', 'CALU3_24H', 'CALU3_4H', 'CALU3_8H', 'H1299_12H', 'H1299_24H', 'H1299_36H', 'H1299_4H', 'S1', 'S16', 'S2', 'S5', 'S6', 'S7']","['2', '2', '2', '2', '2', '2', '2', '2', '2', '2', '2', '2', '2', '2']",14,0,RRM2B,RRM2
4,60386,1841,"['CALU3_12H', 'CALU3_24H', 'CALU3_4H', 'CALU3_8H', 'H1299_12H', 'H1299_24H', 'H1299_36H', 'H1299_4H', 'S1', 'S16', 'S2', 'S6', 'S7']","['2', '2', '2', '2', '2', '2', '2', '2', '2', '2', '2', '2', '2']",13,0,SLC25A19,DTYMK
5,6564,6565,"['CALU3_12H', 'CALU3_24H', 'CALU3_4H', 'CALU3_8H', 'H1299_12H', 'H1299_36H', 'H1299_4H', 'S16', 'S2', 'S5', 'S6', 'S7']","['3', '3', '3', '3', '3', '3', '3', '3', '3', '3', '3', '3']",12,0,SLC15A1,SLC15A2
6,11212,10999,"['CALU3_12H', 'CALU3_24H', 'CALU3_4H', 'CALU3_8H', 'H1299_12H', 'H1299_24H', 'H1299_36H', 'H1299_4H', 'S1', 'S6', 'S7']","['2', '2', '2', '2', '2', '2', '2', '2', '2', '2', '2']",11,4,PLPBP,SLC27A4
7,11212,51477,"['CALU3_12H', 'CALU3_24H', 'CALU3_4H', 'CALU3_8H', 'H1299_12H', 'H1299_36H', 'H1299_4H', 'S5']","['2', '3', '2', '3', '3', '3', '3', '3', '3', '3']",8,2,PLPBP,ISYNA1
8,114134,51477,"['CALU3_8H', 'H1299_12H', 'H1299_24H', 'H1299_36H', 'H1299_4H', 'S5', 'S6', 'S7']","['2', '2', '2', '2', '2', '2', '2', '3', '2', '3']",8,3,SLC2A13,ISYNA1
9,60386,2987,"['H1299_12H', 'H1299_24H', 'H1299_36H', 'H1299_4H', 'S2']","['2', '3', '2', '2', '3', '2', '3', '2', '3']",5,0,SLC25A19,GUK1
10,6241,2987,"['H1299_12H', 'H1299_24H', 'H1299_36H', 'H1299_4H', 'S2']","['2', '3', '2', '2', '3', '2', '3', '2', '3']",5,0,RRM2,GUK1
11,6240,2987,"['H1299_12H', 'H1299_24H', 'H1299_36H', 'H1299_4H', 'S2']","['2', '3', '2', '2', '3', '2', '3', '2', '3']",5,0,RRM1,GUK1
12,50484,2987,"['H1299_12H', 'H1299_24H', 'H1299_36H', 'H1299_4H', 'S2']","['2', '3', '2', '2', '3', '2', '3', '2', '3']",5,0,RRM2B,GUK1
13,3177,54675,"['CALU3_12H', 'CALU3_24H', 'S1', 'S16', 'S7']","['2', '3', '2', '2', '3', '2', '2']",5,0,SLC29A2,CRLS1
14,4833,1841,"['CALU3_12H', 'CALU3_24H', 'CALU3_8H', 'S1', 'S16', 'S6', 'S7']","['2', '2', '2', '2', '2', '2', '2']",7,2,NME4,DTYMK
15,4860,2987,"['H1299_12H', 'H1299_24H', 'H1299_36H', 'H1299_4H']","['2', '3', '2', '2', '3', '2', '3']",4,0,PNP,GUK1
16,54675,6584,"['CALU3_12H', 'CALU3_24H', 'S1', 'S16', 'S5', 'S6']","['2', '2', '2', '2', '2', '2']",6,0,CRLS1,SLC22A5
17,259230,3177,"['CALU3_12H', 'CALU3_24H', 'S1', 'S16', 'S7']","['2', '3', '2', '2', '2', '2']",5,0,SGMS1,SLC29A2
18,9057,8140,"['CALU3_4H', 'CALU3_8H', 'S16', 'S2', 'S5', 'S6']","['2', '3', '2', '2', '2', '2']",6,0,SLC7A6,SLC7A5
19,6584,259230,"['CALU3_12H', 'CALU3_24H', 'S1', 'S16', 'S5', 'S6']","['2', '2', '2', '2', '2', '2']",6,0,SLC22A5,SGMS1
20,54675,6566,"['CALU3_12H', 'CALU3_24H', 'S1', 'S16', 'S6', 'S7']","['3', '3', '3', '2', '3', '3']",6,0,CRLS1,SLC16A1
21,3251,5471,"['CALU3_12H', 'CALU3_24H', 'CALU3_4H', 'CALU3_8H', 'S7']","['2', '2', '2', '2', '2']",5,0,HPRT1,PPAT
22,23657,875,"['CALU3_12H', 'CALU3_24H', 'CALU3_4H', 'CALU3_8H', 'S5']","['2', '2', '2', '2', '2']",5,3,SLC7A11,CBS
23,3251,2618,"['CALU3_12H', 'CALU3_24H', 'CALU3_4H', 'CALU3_8H', 'S7']","['2', '2', '2', '2', '2']",5,0,HPRT1,GART
24,3251,471,"['CALU3_12H', 'CALU3_24H', 'CALU3_4H', 'CALU3_8H', 'S7']","['2', '2', '2', '2', '2']",5,0,HPRT1,ATIC
25,10999,6584,"['CALU3_12H', 'CALU3_24H', 'S1', 'S6', 'S7']","['2', '2', '2', '2', '2']",5,3,SLC27A4,SLC22A5
26,6520,875,"['CALU3_12H', 'CALU3_24H', 'CALU3_4H', 'CALU3_8H', 'S5']","['2', '2', '2', '2', '2']",5,3,SLC3A2,CBS
27,3251,5198,"['CALU3_12H', 'CALU3_24H', 'CALU3_4H', 'CALU3_8H', 'S7']","['2', '2', '2', '2', '2']",5,0,HPRT1,PFAS
28,3251,10606,"['CALU3_12H', 'CALU3_24H', 'CALU3_4H', 'CALU3_8H', 'S7']","['2', '2', '2', '2', '2']",5,0,HPRT1,PAICS
29,57704,51228,"['H1299_12H', 'H1299_36H', 'H1299_4H', 'S2', 'S5']","['3', '3', '3', '3', '3']",5,0,GBA2,GLTP
30,9791,11212,"['CALU3_24H', 'S1', 'S16']","['3', '2', '3', '3']",3,4,PTDSS1,PLPBP
31,6389,54675,"['CALU3_8H', 'H1299_4H', 'S1', 'S7']","['3', '3', '3', '3']",4,0,SDHA,CRLS1
32,1738,54675,"['H1299_4H', 'S1', 'S7']","['3', '2', '3', '3']",3,0,DLD,CRLS1
33,1738,259230,"['H1299_4H', 'S1', 'S7']","['3', '2', '3', '3']",3,0,DLD,SGMS1
34,6391,54675,"['CALU3_8H', 'H1299_4H', 'S1', 'S7']","['3', '3', '3', '3']",4,0,SDHC,CRLS1
35,6391,259230,"['CALU3_8H', 'H1299_4H', 'S1', 'S7']","['3', '3', '3', '3']",4,0,SDHC,SGMS1
36,3177,10999,"['CALU3_12H', 'CALU3_24H', 'S1', 'S7']","['2', '2', '2', '2']",4,2,SLC29A2,SLC27A4
37,6390,54675,"['CALU3_8H', 'H1299_4H', 'S1', 'S7']","['3', '3', '3', '3']",4,0,SDHB,CRLS1
38,51477,2821,"['CALU3_12H', 'CALU3_4H', 'H1299_4H', 'S2']","['3', '3', '3', '3']",4,0,ISYNA1,GPI
39,7389,54675,"['CALU3_24H', 'S1', 'S7']","['3', '2', '3', '3']",3,0,UROD,CRLS1
40,6390,259230,"['CALU3_8H', 'H1299_4H', 'S1', 'S7']","['3', '3', '3', '3']",4,0,SDHB,SGMS1
41,6389,259230,"['CALU3_8H', 'H1299_4H', 'S1', 'S7']","['3', '3', '3', '3']",4,0,SDHA,SGMS1
42,6392,259230,"['CALU3_8H', 'H1299_4H', 'S1', 'S7']","['3', '3', '3', '3']",4,0,SDHD,SGMS1
43,51727,293,"['S1', 'S16']","['2', '3', '2', '3']",2,2,CMPK1,SLC25A6
44,1622,54675,"['S1', 'S16', 'S5', 'S6']","['2', '2', '2', '2']",4,0,DBI,CRLS1
45,1622,259230,"['S1', 'S16', 'S5', 'S6']","['2', '2', '2', '2']",4,0,DBI,SGMS1
46,8034,259230,"['S1', 'S16', 'S5', 'S6']","['2', '2', '2', '2']",4,0,SLC25A16,SGMS1
47,8034,54675,"['S1', 'S16', 'S5', 'S6']","['2', '2', '2', '2']",4,0,SLC25A16,CRLS1
48,54675,8802,"['CALU3_8H', 'H1299_4H', 'S1', 'S7']","['3', '3', '3', '3']",4,0,CRLS1,SUCLG1
49,54675,8801,"['CALU3_8H', 'H1299_4H', 'S1', 'S7']","['3', '3', '3', '3']",4,0,CRLS1,SUCLG2
50,1468,54675,"['CALU3_8H', 'H1299_4H', 'S1', 'S7']","['3', '3', '3', '3']",4,0,SLC25A10,CRLS1
51,1468,259230,"['CALU3_8H', 'H1299_4H', 'S1', 'S7']","['3', '3', '3', '3']",4,0,SLC25A10,SGMS1
52,6392,54675,"['CALU3_8H', 'H1299_4H', 'S1', 'S7']","['3', '3', '3', '3']",4,0,SDHD,CRLS1
53,2821,54675,"['CALU3_12H', 'CALU3_4H', 'H1299_4H', 'S2']","['3', '3', '3', '3']",4,0,GPI,CRLS1
54,259230,2271,"['CALU3_8H', 'H1299_4H', 'S1', 'S7']","['3', '3', '3', '3']",4,0,SGMS1,FH
55,259230,2821,"['CALU3_12H', 'CALU3_4H', 'H1299_4H', 'S2']","['3', '3', '3', '3']",4,0,SGMS1,GPI
56,22934,54675,"['CALU3_12H', 'CALU3_24H', 'S16']","['2', '2', '2', '3']",3,0,RPIA,CRLS1
57,2271,54675,"['CALU3_8H', 'H1299_4H', 'S1', 'S7']","['3', '3', '3', '3']",4,0,FH,CRLS1
58,259230,4860,"['CALU3_12H', 'CALU3_24H', 'S16', 'S5']","['2', '2', '2', '2']",4,0,SGMS1,PNP
59,6564,10999,"['CALU3_12H', 'CALU3_4H', 'CALU3_8H', 'S7']","['2', '2', '2', '2']",4,2,SLC15A1,SLC27A4
60,6564,259230,"['CALU3_12H', 'CALU3_4H', 'CALU3_8H', 'S7']","['2', '2', '2', '2']",4,0,SLC15A1,SGMS1
61,6564,54675,"['CALU3_12H', 'CALU3_4H', 'CALU3_8H', 'S7']","['2', '2', '2', '2']",4,0,SLC15A1,CRLS1
62,259230,6566,"['CALU3_12H', 'S1', 'S6', 'S7']","['3', '2', '3', '3']",4,0,SGMS1,SLC16A1
63,259230,8801,"['CALU3_8H', 'H1299_4H', 'S1', 'S7']","['3', '3', '3', '3']",4,0,SGMS1,SUCLG2
64,259230,8802,"['CALU3_8H', 'H1299_4H', 'S1', 'S7']","['3', '3', '3', '3']",4,0,SGMS1,SUCLG1
65,51727,5338,"['CALU3_12H', 'CALU3_24H', 'CALU3_4H', 'CALU3_8H']","['2', '2', '2', '2']",4,1,CMPK1,PLD2
66,55276,54675,"['CALU3_12H', 'CALU3_24H', 'S16', 'S6']","['3', '3', '3', '3']",4,0,PGM2,CRLS1
67,11212,5338,"['H1299_12H', 'H1299_24H', 'H1299_36H', 'H1299_4H']","['2', '2', '2', '2']",4,0,PLPBP,PLD2
68,54675,51071,"['CALU3_12H', 'CALU3_24H', 'S16', 'S6']","['3', '3', '3', '3']",4,0,CRLS1,DERA
69,54675,4860,"['CALU3_12H', 'CALU3_24H', 'S16', 'S5']","['2', '2', '2', '2']",4,0,CRLS1,PNP
70,6576,54675,"['S16', 'S5', 'S7']","['2', '2', '3']",3,0,SLC25A1,CRLS1
71,51477,5226,"['CALU3_12H', 'CALU3_4H', 'S2']","['3', '3', '3']",3,0,ISYNA1,PGD
72,51727,54675,"['S1', 'S16', 'S5']","['3', '3', '3']",3,0,CMPK1,CRLS1
73,54675,249,"['S16', 'S5']","['2', '2', '3']",2,1,CRLS1,ALPL
74,51228,11212,"['CALU3_24H', 'CALU3_4H', 'CALU3_8H']","['3', '3', '3']",3,1,GLTP,PLPBP
75,1806,54675,"['S16', 'S5', 'S6']","['3', '3', '3']",3,0,DPYD,CRLS1
76,11212,6526,"['S1', 'S16']","['2', '2', '3']",2,3,PLPBP,SLC5A3
77,51477,7389,"['CALU3_24H', 'CALU3_4H', 'S2']","['3', '3', '3']",3,0,ISYNA1,UROD
78,259230,22934,"['CALU3_12H', 'CALU3_24H', 'S16']","['2', '2', '2']",3,0,SGMS1,RPIA
79,259230,249,"['S16', 'S5']","['2', '2', '3']",2,1,SGMS1,ALPL
80,22934,51477,"['CALU3_12H', 'CALU3_24H']","['2', '3', '2']",2,1,RPIA,ISYNA1
81,51727,9791,"['CALU3_24H', 'S1', 'S16']","['2', '3', '3']",3,2,CMPK1,PTDSS1
82,6576,259230,"['S16', 'S5', 'S7']","['2', '2', '3']",3,0,SLC25A1,SGMS1
83,9791,6566,"['CALU3_24H', 'CALU3_4H', 'S16']","['3', '2', '3']",3,3,PTDSS1,SLC16A1
84,259230,7389,"['S1', 'S7']","['2', '3', '3']",2,0,SGMS1,UROD
85,259230,788,"['H1299_4H', 'S16', 'S5']","['3', '2', '2']",3,0,SGMS1,SLC25A20
86,3177,51477,"['CALU3_12H', 'CALU3_24H']","['2', '3', '2']",2,1,SLC29A2,ISYNA1
87,788,54675,"['H1299_4H', 'S16', 'S5']","['3', '2', '2']",3,0,SLC25A20,CRLS1
88,259230,586,"['H1299_24H', 'H1299_36H']","['2', '2']",2,0,SGMS1,BCAT1
89,6519,290,"['H1299_12H', 'H1299_4H']","['3', '3']",2,1,SLC3A1,ANPEP
90,259230,51727,"['S1', 'S5']","['3', '3']",2,0,SGMS1,CMPK1
91,259230,10087,"['CALU3_24H', 'S16']","['3', '3']",2,0,SGMS1,CERT1
92,259230,55276,"['CALU3_12H', 'S6']","['3', '3']",2,0,SGMS1,PGM2
93,6519,8836,"['H1299_12H', 'H1299_4H']","['3', '3']",2,1,SLC3A1,GGH
94,3177,6526,"['S1', 'S16']","['2', '2']",2,1,SLC29A2,SLC5A3
95,55276,9791,"['CALU3_24H', 'S16']","['3', '3']",2,2,PGM2,PTDSS1
96,5338,54675,"['S16', 'S6']","['3', '3']",2,0,PLD2,CRLS1
97,5338,586,"['H1299_24H', 'H1299_36H']","['2', '2']",2,0,PLD2,BCAT1
98,51071,259230,"['CALU3_12H', 'S6']","['3', '3']",2,0,DERA,SGMS1
99,54675,1376,"['S16', 'S5']","['2', '2']",2,0,CRLS1,CPT2
100,51292,2766,"['S1', 'S16']","['3', '3']",2,1,GMPR2,GMPR
101,586,10999,"['H1299_24H', 'H1299_36H']","['2', '2']",2,0,BCAT1,SLC27A4
102,259230,6476,"['H1299_4H', 'S16']","['2', '2']",2,0,SGMS1,SI
103,51071,51477,"['CALU3_12H', 'CALU3_24H']","['3', '3']",2,0,DERA,ISYNA1
104,51477,8801,"['CALU3_8H', 'H1299_4H']","['3', '3']",2,0,ISYNA1,SUCLG2
105,6526,1738,['S1'],"['2', '3']",1,1,SLC5A3,DLD
106,55276,51477,"['CALU3_12H', 'CALU3_24H']","['3', '3']",2,0,PGM2,ISYNA1
107,4860,10999,"['CALU3_12H', 'CALU3_24H']","['2', '2']",2,1,PNP,SLC27A4
108,259230,1376,"['S16', 'S5']","['2', '2']",2,0,SGMS1,CPT2
109,4860,51477,"['CALU3_12H', 'CALU3_24H']","['2', '2']",2,1,PNP,ISYNA1
110,259230,166929,"['CALU3_24H', 'S16']","['3', '3']",2,0,SGMS1,SGMS2
111,259230,1806,"['S5', 'S6']","['3', '3']",2,0,SGMS1,DPYD
112,259230,206358,"['S2', 'S6']","['3', '3']",2,0,SGMS1,SLC36A1
113,54675,6476,"['H1299_4H', 'S16']","['2', '2']",2,0,CRLS1,SI
114,54675,6888,"['CALU3_12H', 'CALU3_4H']","['3', '3']",2,0,CRLS1,TALDO1
115,54675,8050,"['H1299_4H', 'S1']","['3', '2']",2,0,CRLS1,PDHX
116,51727,6576,['S16'],"['2', '3']",1,2,CMPK1,SLC25A1
117,259230,3030,"['S16', 'S5']","['2', '2']",2,0,SGMS1,HADHA
118,4833,2987,['S2'],"['2', '3']",1,0,NME4,GUK1
119,51477,8802,"['CALU3_8H', 'H1299_4H']","['3', '3']",2,0,ISYNA1,SUCLG1
120,259230,37,"['S16', 'S5']","['2', '2']",2,0,SGMS1,ACADVL
121,54675,586,"['H1299_24H', 'H1299_36H']","['2', '2']",2,0,CRLS1,BCAT1
122,51727,6584,"['S1', 'S16']","['2', '2']",2,1,CMPK1,SLC22A5
123,6526,1622,"['S1', 'S16']","['2', '2']",2,1,SLC5A3,DBI
124,259230,6888,"['CALU3_12H', 'CALU3_4H']","['3', '3']",2,0,SGMS1,TALDO1
125,51477,1468,"['CALU3_8H', 'H1299_4H']","['3', '3']",2,0,ISYNA1,SLC25A10
126,51477,2539,"['CALU3_12H', 'CALU3_4H']","['3', '3']",2,0,ISYNA1,G6PD
127,6392,51477,"['CALU3_8H', 'H1299_4H']","['3', '3']",2,0,SDHD,ISYNA1
128,51477,25796,"['CALU3_12H', 'CALU3_4H']","['3', '3']",2,0,ISYNA1,PGLS
129,51727,1376,"['S1', 'S16']","['2', '2']",2,1,CMPK1,CPT2
130,54675,37,"['S16', 'S5']","['2', '2']",2,0,CRLS1,ACADVL
131,51727,1622,"['S1', 'S16']","['2', '2']",2,1,CMPK1,DBI
132,6390,51477,"['CALU3_8H', 'H1299_4H']","['3', '3']",2,0,SDHB,ISYNA1
133,51071,9791,"['CALU3_24H', 'S16']","['3', '3']",2,2,DERA,PTDSS1
134,3030,54675,"['S16', 'S5']","['2', '2']",2,0,HADHA,CRLS1
135,6391,51477,"['CALU3_8H', 'H1299_4H']","['3', '3']",2,0,SDHC,ISYNA1
136,51727,8034,"['S1', 'S16']","['2', '2']",2,1,CMPK1,SLC25A16
137,3177,2030,['S7'],"['2', '3']",1,2,SLC29A2,SLC29A1
138,51727,788,"['S1', 'S16']","['2', '2']",2,1,CMPK1,SLC25A20
139,3177,9791,['S16'],"['2', '3']",1,2,SLC29A2,PTDSS1
140,290,11136,"['H1299_12H', 'H1299_4H']","['3', '3']",2,1,ANPEP,SLC7A9
141,2875,84706,"['H1299_12H', 'H1299_36H']","['3', '3']",2,1,GPT,GPT2
142,6389,51477,"['CALU3_8H', 'H1299_4H']","['3', '3']",2,0,SDHA,ISYNA1
143,51727,11212,"['S1', 'S16']","['2', '2']",2,2,CMPK1,PLPBP
144,3177,51727,"['S1', 'S16']","['2', '2']",2,1,SLC29A2,CMPK1
145,51477,6584,"['CALU3_12H', 'CALU3_24H']","['2', '2']",2,1,ISYNA1,SLC22A5
146,51477,2271,"['CALU3_8H', 'H1299_4H']","['3', '3']",2,0,ISYNA1,FH
147,259230,8050,"['H1299_4H', 'S1']","['3', '2']",2,0,SGMS1,PDHX
148,51727,8802,"['S1', 'S16']","['3', '3']",2,1,CMPK1,SUCLG1
149,51477,6566,"['CALU3_12H', 'CALU3_24H']","['3', '3']",2,0,ISYNA1,SLC16A1
150,54675,206358,"['S2', 'S6']","['3', '3']",2,0,CRLS1,SLC36A1
151,51477,6526,"['CALU3_4H', 'S2']","['2', '2']",2,2,ISYNA1,SLC5A3
152,51727,8801,"['S1', 'S16']","['3', '3']",2,1,CMPK1,SUCLG2
153,7084,1841,"['S6', 'S7']","['2', '2']",2,1,TK2,DTYMK
154,22934,10999,"['CALU3_12H', 'CALU3_24H']","['2', '2']",2,1,RPIA,SLC27A4
155,8836,11136,"['H1299_12H', 'H1299_4H']","['3', '3']",2,1,GGH,SLC7A9
156,1622,10999,"['S1', 'S6']","['2', '2']",2,1,DBI,SLC27A4
157,2030,1841,"['S6', 'S7']","['2', '2']",2,1,SLC29A1,DTYMK
158,6526,6584,"['S1', 'S16']","['2', '2']",2,1,SLC5A3,SLC22A5
159,6526,7389,['S1'],"['2', '3']",1,1,SLC5A3,UROD
160,7389,9791,"['CALU3_24H', 'S1']","['3', '3']",2,1,UROD,PTDSS1
161,6526,8034,"['S1', 'S16']","['2', '2']",2,1,SLC5A3,SLC25A16
162,9791,22934,['S16'],"['2', '3']",1,2,PTDSS1,RPIA
163,10999,8034,"['S1', 'S6']","['2', '2']",2,1,SLC27A4,SLC25A16
164,54675,1384,['H1299_4H'],['3'],1,0,CRLS1,CRAT
165,54675,126328,['S1'],['2'],1,0,CRLS1,NDUFA11
166,54675,1737,['S1'],['2'],1,0,CRLS1,DLAT
167,54675,2936,['H1299_4H'],['2'],1,0,CRLS1,GSR
168,8802,6526,['S1'],['3'],1,1,SUCLG1,SLC5A3
169,54675,1633,['H1299_4H'],['3'],1,0,CRLS1,DCK
170,9057,6542,['S16'],['2'],1,1,SLC7A6,SLC7A2
171,54675,1743,['H1299_4H'],['3'],1,0,CRLS1,DLST
172,54675,2180,['S16'],['2'],1,0,CRLS1,ACSL1
173,8942,189,['S16'],['2'],1,1,KYNU,AGXT
174,54675,189,['S16'],['2'],1,0,CRLS1,AGXT
175,54675,1629,['H1299_4H'],['3'],1,0,CRLS1,DBT
176,54675,2639,['S1'],['2'],1,0,CRLS1,GCDH
177,54675,25796,['CALU3_4H'],['3'],1,0,CRLS1,PGLS
178,54675,2539,['CALU3_4H'],['3'],1,0,CRLS1,G6PD
179,8802,9791,['S1'],['3'],1,0,SUCLG1,PTDSS1
180,8836,1491,['H1299_24H'],['2'],1,0,GGH,CTH
181,54675,1717,['H1299_4H'],['3'],1,0,CRLS1,DHCR7
182,93183,9791,['CALU3_4H'],['2'],1,1,PIGM,PTDSS1
183,54675,1890,['S16'],['3'],1,0,CRLS1,TYMP
184,6526,4860,['S16'],['2'],1,1,SLC5A3,PNP
185,54675,3418,['S7'],['3'],1,0,CRLS1,IDH2
186,54675,55967,['S1'],['2'],1,0,CRLS1,NDUFA12
187,54675,4729,['S1'],['2'],1,0,CRLS1,NDUFV2
188,8801,9791,['S1'],['3'],1,0,SUCLG2,PTDSS1
189,54675,50484,['S16'],['3'],1,0,CRLS1,RRM2B
190,8801,6526,['S1'],['3'],1,1,SUCLG2,SLC5A3
191,54675,51079,['S1'],['2'],1,0,CRLS1,NDUFA13
192,54675,5162,['S1'],['2'],1,0,CRLS1,PDHB
193,54675,5211,['CALU3_12H'],['3'],1,0,CRLS1,PFKL
194,54675,5226,['CALU3_4H'],['3'],1,0,CRLS1,PGD
195,8801,51228,['CALU3_8H'],['3'],1,0,SUCLG2,GLTP
196,875,60482,['CALU3_24H'],['2'],1,1,CBS,SLC5A7
197,54675,4724,['S1'],['2'],1,0,CRLS1,NDUFS4
198,54675,593,['H1299_4H'],['3'],1,0,CRLS1,BCKDHA
199,54675,594,['H1299_4H'],['3'],1,0,CRLS1,BCKDHB
200,54675,6240,['S16'],['3'],1,0,CRLS1,RRM1
201,54675,6241,['S16'],['3'],1,0,CRLS1,RRM2
202,8733,9791,['CALU3_4H'],['2'],1,1,GPAA1,PTDSS1
203,81490,60482,['CALU3_24H'],['2'],1,1,PTDSS2,SLC5A7
204,54675,64078,['S16'],['3'],1,1,CRLS1,SLC28A3
205,54675,6515,['S16'],['2'],1,0,CRLS1,SLC2A3
206,8140,5053,['CALU3_24H'],['3'],1,1,SLC7A5,PAH
207,54675,4726,['S1'],['2'],1,0,CRLS1,NDUFS6
208,54675,4720,['S1'],['2'],1,0,CRLS1,NDUFS2
209,8802,51228,['CALU3_8H'],['3'],1,0,SUCLG1,GLTP
210,54675,4702,['S1'],['2'],1,0,CRLS1,NDUFA8
211,54675,4535,['S1'],['2'],1,0,CRLS1,MT-ND1
212,54675,4536,['S1'],['2'],1,0,CRLS1,MT-ND2
213,54675,4538,['S1'],['2'],1,0,CRLS1,MT-ND4
214,54675,4540,['S1'],['2'],1,0,CRLS1,MT-ND5
215,54675,4594,['CALU3_8H'],['3'],1,0,CRLS1,MMUT
216,54675,4695,['S1'],['2'],1,0,CRLS1,NDUFA2
217,54675,114134,['S6'],['3'],1,1,CRLS1,SLC2A13
218,54675,4698,['S1'],['2'],1,0,CRLS1,NDUFA5
219,54675,4700,['S1'],['2'],1,0,CRLS1,NDUFA6
220,54675,4704,['S1'],['2'],1,0,CRLS1,NDUFA9
221,54675,4719,['S1'],['2'],1,0,CRLS1,NDUFS1
222,54675,4706,['S1'],['2'],1,0,CRLS1,NDUFAB1
223,54675,4708,['S1'],['2'],1,0,CRLS1,NDUFB2
224,54675,4709,['S1'],['2'],1,0,CRLS1,NDUFB3
225,54675,4710,['S1'],['2'],1,0,CRLS1,NDUFB4
226,54675,4711,['S1'],['2'],1,0,CRLS1,NDUFB5
227,54675,4713,['S1'],['2'],1,0,CRLS1,NDUFB7
228,54675,4714,['S1'],['2'],1,0,CRLS1,NDUFB8
229,54675,4715,['S1'],['2'],1,0,CRLS1,NDUFB9
230,54675,4718,['S1'],['2'],1,0,CRLS1,NDUFC2
231,54675,4697,['S1'],['2'],1,0,CRLS1,NDUFA4
232,5338,259230,['S6'],['3'],1,0,PLD2,SGMS1
233,94005,9791,['CALU3_4H'],['2'],1,1,PIGS,PTDSS1
234,54675,10998,['S16'],['2'],1,0,CRLS1,SLC27A5
235,9791,6392,['S1'],['3'],1,0,PTDSS1,SDHD
236,9791,6391,['S1'],['3'],1,0,PTDSS1,SDHC
237,51727,2180,['S16'],['2'],1,1,CMPK1,ACSL1
238,9791,6390,['S1'],['3'],1,0,PTDSS1,SDHB
239,9791,6389,['S1'],['3'],1,0,PTDSS1,SDHA
240,51727,2271,['S1'],['3'],1,1,CMPK1,FH
241,51727,249,['S16'],['2'],1,1,CMPK1,ALPL
242,9791,6241,['S16'],['3'],1,1,PTDSS1,RRM2
243,51727,2639,['S1'],['2'],1,0,CMPK1,GCDH
244,9791,6240,['S16'],['3'],1,1,PTDSS1,RRM1
245,51727,3030,['S16'],['2'],1,1,CMPK1,HADHA
246,9791,55650,['CALU3_4H'],['2'],1,1,PTDSS1,PIGV
247,51727,37,['S16'],['2'],1,1,CMPK1,ACADVL
248,9791,54965,['CALU3_4H'],['2'],1,1,PTDSS1,PIGX
249,9791,5338,['S16'],['3'],1,1,PTDSS1,PLD2
250,51727,4860,['S16'],['2'],1,1,CMPK1,PNP
251,9791,5283,['CALU3_4H'],['2'],1,1,PTDSS1,PIGH
252,51727,51477,['S5'],['3'],1,0,CMPK1,ISYNA1
253,51727,5162,['S1'],['2'],1,0,CMPK1,PDHB
254,9791,51604,['CALU3_4H'],['2'],1,1,PTDSS1,PIGT
255,51727,60482,['CALU3_24H'],['2'],1,1,CMPK1,SLC5A7
256,9791,64078,['S16'],['3'],1,1,PTDSS1,SLC28A3
257,9791,6476,['S16'],['2'],1,1,PTDSS1,SI
258,51727,189,['S16'],['2'],1,1,CMPK1,AGXT
259,9791,9488,['CALU3_4H'],['2'],1,1,PTDSS1,PIGB
260,9791,9487,['CALU3_4H'],['2'],1,1,PTDSS1,PIGL
261,9791,9415,['S16'],['2'],1,1,PTDSS1,FADS2
262,5162,6526,['S1'],['2'],1,0,PDHB,SLC5A3
263,51727,10998,['S16'],['2'],1,1,CMPK1,SLC27A5
264,51727,114134,['S16'],['3'],1,0,CMPK1,SLC2A13
265,9791,6515,['S16'],['2'],1,1,PTDSS1,SLC2A3
266,9791,8034,['S16'],['2'],1,1,PTDSS1,SLC25A16
267,9791,79087,['CALU3_4H'],['2'],1,1,PTDSS1,ALG12
268,9791,788,['S16'],['2'],1,1,PTDSS1,SLC25A20
269,9791,6584,['S16'],['2'],1,1,PTDSS1,SLC22A5
270,51727,1737,['S1'],['2'],1,0,CMPK1,DLAT
271,51727,1738,['S1'],['2'],1,0,CMPK1,DLD
272,9791,6576,['S16'],['2'],1,1,PTDSS1,SLC25A1
273,51727,6389,['S1'],['3'],1,1,CMPK1,SDHA
274,51727,6390,['S1'],['3'],1,1,CMPK1,SDHB
275,51727,6391,['S1'],['3'],1,1,CMPK1,SDHC
276,5226,259230,['CALU3_4H'],['3'],1,0,PGD,SGMS1
277,9791,1376,['S16'],['2'],1,1,PTDSS1,CPT2
278,5226,51228,['CALU3_4H'],['3'],1,1,PGD,GLTP
279,9791,128869,['CALU3_4H'],['2'],1,1,PTDSS1,PIGU
280,9791,10998,['S16'],['2'],1,1,PTDSS1,SLC27A5
281,9791,10026,['CALU3_4H'],['2'],1,1,PTDSS1,PIGK
282,9791,1622,['S16'],['2'],1,1,PTDSS1,DBI
283,9415,6526,['S16'],['2'],1,1,FADS2,SLC5A3
284,9415,54675,['S16'],['2'],1,0,FADS2,CRLS1
285,5338,2936,['H1299_4H'],['2'],1,0,PLD2,GSR
286,9415,51727,['S16'],['2'],1,1,FADS2,CMPK1
287,9415,259230,['S16'],['2'],1,0,FADS2,SGMS1
288,5338,6476,['H1299_4H'],['2'],1,0,PLD2,SI
289,5338,79901,['H1299_4H'],['2'],1,0,PLD2,CYBRD1
290,54675,10327,['H1299_4H'],['3'],1,0,CRLS1,AKR1A1
291,9791,1468,['S1'],['3'],1,0,PTDSS1,SLC25A10
292,51727,6392,['S1'],['3'],1,1,CMPK1,SDHD
293,9791,284098,['CALU3_4H'],['2'],1,1,PTDSS1,PIGW
294,9791,50484,['S16'],['3'],1,1,PTDSS1,RRM2B
295,51727,6476,['S16'],['2'],1,1,CMPK1,SI
296,51727,6515,['S16'],['2'],1,1,CMPK1,SLC2A3
297,51727,6526,['S1'],['3'],1,1,CMPK1,SLC5A3
298,51727,6566,['S1'],['2'],1,0,CMPK1,SLC16A1
299,9791,4860,['S16'],['2'],1,1,PTDSS1,PNP
300,9791,37,['S16'],['2'],1,1,PTDSS1,ACADVL
301,51727,7389,['S1'],['2'],1,0,CMPK1,UROD
302,9791,3030,['S16'],['2'],1,1,PTDSS1,HADHA
303,51727,8050,['S1'],['2'],1,0,CMPK1,PDHX
304,5211,51477,['CALU3_12H'],['3'],1,0,PFKL,ISYNA1
305,9791,249,['S16'],['2'],1,1,PTDSS1,ALPL
306,9791,2271,['S1'],['3'],1,0,PTDSS1,FH
307,9791,2180,['S16'],['2'],1,1,PTDSS1,ACSL1
308,9791,1890,['S16'],['3'],1,1,PTDSS1,TYMP
309,9791,189,['S16'],['2'],1,1,PTDSS1,AGXT
310,9791,1806,['S16'],['3'],1,1,PTDSS1,DPYD
311,9791,1738,['S1'],['3'],1,0,PTDSS1,DLD
312,5211,259230,['CALU3_12H'],['3'],1,0,PFKL,SGMS1
313,8050,6526,['S1'],['2'],1,0,PDHX,SLC5A3
314,8034,1841,['S5'],['2'],1,1,SLC25A16,DTYMK
315,54675,6646,['H1299_4H'],['3'],1,0,CRLS1,SOAT1
316,6526,6576,['S16'],['2'],1,1,SLC5A3,SLC25A1
317,6519,6578,['H1299_12H'],['3'],1,0,SLC3A1,SLCO2A1
318,6526,788,['S16'],['2'],1,1,SLC5A3,SLC25A20
319,5162,10999,['S1'],['2'],1,0,PDHB,SLC27A4
320,6526,10998,['S16'],['2'],1,1,SLC5A3,SLC27A5
321,6526,126328,['S1'],['2'],1,0,SLC5A3,NDUFA11
322,6526,1376,['S16'],['2'],1,1,SLC5A3,CPT2
323,6526,1468,['S1'],['3'],1,1,SLC5A3,SLC25A10
324,6526,1737,['S1'],['2'],1,0,SLC5A3,DLAT
325,6526,189,['S16'],['2'],1,1,SLC5A3,AGXT
326,6526,2180,['S16'],['2'],1,1,SLC5A3,ACSL1
327,6526,2271,['S1'],['3'],1,1,SLC5A3,FH
328,6526,22934,['S16'],['2'],1,1,SLC5A3,RPIA
329,6526,249,['S16'],['2'],1,1,SLC5A3,ALPL
330,6526,2639,['S1'],['2'],1,0,SLC5A3,GCDH
331,6526,3030,['S16'],['2'],1,1,SLC5A3,HADHA
332,6526,37,['S16'],['2'],1,1,SLC5A3,ACADVL
333,6526,374291,['S1'],['2'],1,0,SLC5A3,NDUFS7
334,6526,4535,['S1'],['2'],1,0,SLC5A3,MT-ND1
335,54675,6647,['S5'],['2'],1,0,CRLS1,SOD1
336,6578,11136,['H1299_12H'],['3'],1,0,SLCO2A1,SLC7A9
337,6576,1841,['S5'],['2'],1,1,SLC25A1,DTYMK
338,6566,6526,['S1'],['2'],1,0,SLC16A1,SLC5A3
339,6476,6526,['S16'],['2'],1,1,SI,SLC5A3
340,6509,2806,['S16'],['2'],1,1,SLC1A4,GOT2
341,6515,6526,['S16'],['2'],1,1,SLC2A3,SLC5A3
342,6566,51228,['CALU3_24H'],['3'],1,0,SLC16A1,GLTP
343,6566,114134,['S16'],['3'],1,0,SLC16A1,SLC2A13
344,6566,10999,['S1'],['2'],1,0,SLC16A1,SLC27A4
345,6564,51477,['CALU3_12H'],['2'],1,1,SLC15A1,ISYNA1
346,6515,259230,['S16'],['2'],1,0,SLC2A3,SGMS1
347,6526,4536,['S1'],['2'],1,0,SLC5A3,MT-ND2
348,6526,4537,['S1'],['2'],1,0,SLC5A3,MT-ND3
349,6526,4538,['S1'],['2'],1,0,SLC5A3,MT-ND4
350,6526,4719,['S1'],['2'],1,0,SLC5A3,NDUFS1
351,6526,4715,['S1'],['2'],1,0,SLC5A3,NDUFB9
352,6526,4716,['S1'],['2'],1,0,SLC5A3,NDUFB10
353,6526,6392,['S1'],['3'],1,1,SLC5A3,SDHD
354,6526,6391,['S1'],['3'],1,1,SLC5A3,SDHC
355,6526,6390,['S1'],['3'],1,1,SLC5A3,SDHB
356,6526,4717,['S1'],['2'],1,0,SLC5A3,NDUFC1
357,6526,6389,['S1'],['3'],1,1,SLC5A3,SDHA
358,6526,4718,['S1'],['2'],1,0,SLC5A3,NDUFC2
359,6526,55967,['S1'],['2'],1,0,SLC5A3,NDUFA12
360,6526,4720,['S1'],['2'],1,0,SLC5A3,NDUFS2
361,6526,4539,['S1'],['2'],1,0,SLC5A3,MT-ND4L
362,6526,4722,['S1'],['2'],1,0,SLC5A3,NDUFS3
363,6526,4723,['S1'],['2'],1,0,SLC5A3,NDUFV1
364,6526,4724,['S1'],['2'],1,0,SLC5A3,NDUFS4
365,6526,4725,['S1'],['2'],1,0,SLC5A3,NDUFS5
366,6526,4726,['S1'],['2'],1,0,SLC5A3,NDUFS6
367,6526,4728,['S1'],['2'],1,0,SLC5A3,NDUFS8
368,6526,51079,['S1'],['2'],1,0,SLC5A3,NDUFA13
369,6526,4714,['S1'],['2'],1,0,SLC5A3,NDUFB8
370,6526,4713,['S1'],['2'],1,0,SLC5A3,NDUFB7
371,6526,4540,['S1'],['2'],1,0,SLC5A3,MT-ND5
372,6526,4541,['S1'],['2'],1,0,SLC5A3,MT-ND6
373,6526,4694,['S1'],['2'],1,0,SLC5A3,NDUFA1
374,6526,4695,['S1'],['2'],1,0,SLC5A3,NDUFA2
375,6526,4696,['S1'],['2'],1,0,SLC5A3,NDUFA3
376,6526,4697,['S1'],['2'],1,0,SLC5A3,NDUFA4
377,6526,4698,['S1'],['2'],1,0,SLC5A3,NDUFA5
378,6526,4700,['S1'],['2'],1,0,SLC5A3,NDUFA6
379,6526,4701,['S1'],['2'],1,0,SLC5A3,NDUFA7
380,6526,4702,['S1'],['2'],1,0,SLC5A3,NDUFA8
381,6526,4704,['S1'],['2'],1,0,SLC5A3,NDUFA9
382,6526,4705,['S1'],['2'],1,0,SLC5A3,NDUFA10
383,6526,4706,['S1'],['2'],1,0,SLC5A3,NDUFAB1
384,6526,4707,['S1'],['2'],1,0,SLC5A3,NDUFB1
385,6526,4708,['S1'],['2'],1,0,SLC5A3,NDUFB2
386,6526,4709,['S1'],['2'],1,0,SLC5A3,NDUFB3
387,6526,4710,['S1'],['2'],1,0,SLC5A3,NDUFB4
388,6526,4711,['S1'],['2'],1,0,SLC5A3,NDUFB5
389,6476,10999,['H1299_4H'],['2'],1,0,SI,SLC27A4
390,6240,114134,['S16'],['3'],1,0,RRM1,SLC2A13
391,594,259230,['H1299_4H'],['3'],1,0,BCKDHB,SGMS1
392,594,51477,['H1299_4H'],['3'],1,0,BCKDHB,ISYNA1
393,79901,259230,['H1299_4H'],['2'],1,0,CYBRD1,SGMS1
394,79901,10999,['H1299_4H'],['2'],1,0,CYBRD1,SLC27A4
395,788,1841,['S5'],['2'],1,1,SLC25A20,DTYMK
396,6241,114134,['S16'],['3'],1,0,RRM2,SLC2A13
397,6309,1717,['H1299_4H'],['3'],1,1,SC5D,DHCR7
398,788,51477,['H1299_4H'],['3'],1,0,SLC25A20,ISYNA1
399,593,51477,['H1299_4H'],['3'],1,0,BCKDHA,ISYNA1
400,593,259230,['H1299_4H'],['3'],1,0,BCKDHA,SGMS1
401,79901,54675,['H1299_4H'],['2'],1,0,CYBRD1,CRLS1
402,54675,6648,['H1299_4H'],['3'],1,0,CRLS1,SOD2
403,8050,51477,['H1299_4H'],['3'],1,0,PDHX,ISYNA1
404,8050,10999,['S1'],['2'],1,0,PDHX,SLC27A4
405,8034,7298,['S6'],['2'],1,1,SLC25A16,TYMS
406,5498,1491,['H1299_24H'],['2'],1,0,PPOX,CTH
407,55276,114134,['S16'],['3'],1,0,PGM2,SLC2A13
408,55276,51228,['CALU3_24H'],['3'],1,0,PGM2,GLTP
409,6526,4729,['S1'],['2'],1,0,SLC5A3,NDUFV2
410,8034,1719,['S6'],['2'],1,1,SLC25A16,DHFR
411,55967,10999,['S1'],['2'],1,0,NDUFA12,SLC27A4
412,55967,259230,['S1'],['2'],1,0,NDUFA12,SGMS1
413,6389,51228,['CALU3_8H'],['3'],1,0,SDHA,GLTP
414,7390,1491,['H1299_24H'],['2'],1,0,UROS,CTH
415,6648,259230,['H1299_4H'],['3'],1,0,SOD2,SGMS1
416,6647,259230,['S5'],['2'],1,0,SOD1,SGMS1
417,6647,1841,['S5'],['2'],1,1,SOD1,DTYMK
418,6647,1635,['S6'],['2'],1,1,SOD1,DCTD
419,6646,51477,['H1299_4H'],['3'],1,0,SOAT1,ISYNA1
420,6646,259230,['H1299_4H'],['3'],1,0,SOAT1,SGMS1
421,6392,51228,['CALU3_8H'],['3'],1,0,SDHD,GLTP
422,6584,7298,['S6'],['2'],1,1,SLC22A5,TYMS
423,6584,1841,['S5'],['2'],1,1,SLC22A5,DTYMK
424,6584,1719,['S6'],['2'],1,1,SLC22A5,DHFR
425,64078,114134,['S16'],['3'],1,1,SLC28A3,SLC2A13
426,6579,1491,['H1299_24H'],['2'],1,0,SLCO1A2,CTH
427,6648,51477,['H1299_4H'],['3'],1,0,SOD2,ISYNA1
428,6391,51228,['CALU3_8H'],['3'],1,0,SDHC,GLTP
429,6390,51228,['CALU3_8H'],['3'],1,0,SDHB,GLTP
430,7389,51228,['CALU3_24H'],['3'],1,0,UROD,GLTP
431,7389,1491,['H1299_24H'],['2'],1,0,UROD,CTH
432,7389,10999,['S1'],['2'],1,0,UROD,SLC27A4
433,7298,3177,['S1'],['2'],1,0,TYMS,SLC29A2
434,7298,1890,['S1'],['2'],1,1,TYMS,TYMP
435,7298,1622,['S6'],['2'],1,1,TYMS,DBI
436,7298,11212,['S6'],['2'],1,1,TYMS,PLPBP
437,6888,51477,['CALU3_12H'],['3'],1,0,TALDO1,ISYNA1
438,6888,51228,['CALU3_4H'],['3'],1,1,TALDO1,GLTP
439,6713,1717,['H1299_4H'],['3'],1,1,SQLE,DHCR7
440,5162,259230,['S1'],['2'],1,0,PDHB,SGMS1
441,259230,4719,['S1'],['2'],1,0,SGMS1,NDUFS1
442,1841,249,['S5'],['2'],1,1,DTYMK,ALPL
443,1841,3030,['S5'],['2'],1,1,DTYMK,HADHA
444,1841,37,['S5'],['2'],1,1,DTYMK,ACADVL
445,1841,4860,['S5'],['2'],1,1,DTYMK,PNP
446,1854,1635,['S6'],['2'],1,1,DUT,DCTD
447,1890,114134,['S16'],['3'],1,0,TYMP,SLC2A13
448,1890,1719,['S1'],['2'],1,1,TYMP,DHFR
449,189,125061,['S16'],['2'],1,1,AGXT,AFMID
450,189,259230,['S16'],['2'],1,0,AGXT,SGMS1
451,206358,51477,['S2'],['3'],1,0,SLC36A1,ISYNA1
452,2180,259230,['S16'],['2'],1,0,ACSL1,SGMS1
453,2222,1717,['H1299_4H'],['3'],1,1,FDFT1,DHCR7
454,1841,1622,['S5'],['2'],1,1,DTYMK,DBI
455,1841,1376,['S5'],['2'],1,1,DTYMK,CPT2
456,1841,11212,['S5'],['2'],1,1,DTYMK,PLPBP
457,1717,4598,['H1299_4H'],['3'],1,1,DHCR7,MVK
458,1717,50814,['H1299_4H'],['3'],1,1,DHCR7,NSDHL
459,1717,51477,['H1299_4H'],['3'],1,0,DHCR7,ISYNA1
460,1717,51478,['H1299_4H'],['3'],1,1,DHCR7,HSD17B7
461,1718,1717,['H1299_4H'],['3'],1,1,DHCR24,DHCR7
462,1719,11212,['S6'],['2'],1,1,DHFR,PLPBP
463,1719,1622,['S6'],['2'],1,1,DHFR,DBI
464,1719,3177,['S1'],['2'],1,0,DHFR,SLC29A2
465,1737,10999,['S1'],['2'],1,0,DLAT,SLC27A4
466,1737,259230,['S1'],['2'],1,0,DLAT,SGMS1
467,1738,10999,['S1'],['2'],1,0,DLD,SLC27A4
468,1738,51477,['H1299_4H'],['3'],1,0,DLD,ISYNA1
469,1743,259230,['H1299_4H'],['3'],1,0,DLST,SGMS1
470,1743,51477,['H1299_4H'],['3'],1,0,DLST,ISYNA1
471,1806,114134,['S16'],['3'],1,0,DPYD,SLC2A13
472,1806,51477,['S5'],['3'],1,0,DPYD,ISYNA1
473,2271,3251,['CALU3_4H'],['2'],1,0,FH,HPRT1
474,2271,51228,['CALU3_8H'],['3'],1,0,FH,GLTP
475,259230,4701,['S1'],['2'],1,0,SGMS1,NDUFA7
476,259230,4536,['S1'],['2'],1,0,SGMS1,MT-ND2
477,259230,4537,['S1'],['2'],1,0,SGMS1,MT-ND3
478,259230,4538,['S1'],['2'],1,0,SGMS1,MT-ND4
479,259230,4539,['S1'],['2'],1,0,SGMS1,MT-ND4L
480,259230,4540,['S1'],['2'],1,0,SGMS1,MT-ND5
481,259230,4541,['S1'],['2'],1,0,SGMS1,MT-ND6
482,259230,4594,['CALU3_8H'],['3'],1,0,SGMS1,MMUT
483,259230,4694,['S1'],['2'],1,0,SGMS1,NDUFA1
484,259230,4695,['S1'],['2'],1,0,SGMS1,NDUFA2
485,259230,4696,['S1'],['2'],1,0,SGMS1,NDUFA3
486,259230,4697,['S1'],['2'],1,0,SGMS1,NDUFA4
487,259230,4698,['S1'],['2'],1,0,SGMS1,NDUFA5
488,259230,4700,['S1'],['2'],1,0,SGMS1,NDUFA6
489,259230,4702,['S1'],['2'],1,0,SGMS1,NDUFA8
490,259230,374291,['S1'],['2'],1,0,SGMS1,NDUFS7
491,259230,4704,['S1'],['2'],1,0,SGMS1,NDUFA9
492,259230,4705,['S1'],['2'],1,0,SGMS1,NDUFA10
493,259230,4706,['S1'],['2'],1,0,SGMS1,NDUFAB1
494,259230,4707,['S1'],['2'],1,0,SGMS1,NDUFB1
495,259230,4708,['S1'],['2'],1,0,SGMS1,NDUFB2
496,259230,4709,['S1'],['2'],1,0,SGMS1,NDUFB3
497,259230,4710,['S1'],['2'],1,0,SGMS1,NDUFB4
498,259230,4711,['S1'],['2'],1,0,SGMS1,NDUFB5
499,259230,4713,['S1'],['2'],1,0,SGMS1,NDUFB7
500,259230,4714,['S1'],['2'],1,0,SGMS1,NDUFB8
501,259230,4715,['S1'],['2'],1,0,SGMS1,NDUFB9
502,259230,4716,['S1'],['2'],1,0,SGMS1,NDUFB10
503,259230,4717,['S1'],['2'],1,0,SGMS1,NDUFC1
504,259230,4535,['S1'],['2'],1,0,SGMS1,MT-ND1
505,259230,3418,['S7'],['3'],1,0,SGMS1,IDH2
506,259230,10327,['H1299_4H'],['3'],1,0,SGMS1,AKR1A1
507,249,51477,['S5'],['3'],1,1,ALPL,ISYNA1
508,2539,259230,['CALU3_4H'],['3'],1,0,G6PD,SGMS1
509,2539,51228,['CALU3_4H'],['3'],1,1,G6PD,GLTP
510,25796,259230,['CALU3_4H'],['3'],1,0,PGLS,SGMS1
511,25796,51228,['CALU3_4H'],['3'],1,1,PGLS,GLTP
512,259230,10998,['S16'],['2'],1,0,SGMS1,SLC27A5
513,259230,2936,['H1299_4H'],['2'],1,0,SGMS1,GSR
514,259230,114134,['S6'],['3'],1,1,SGMS1,SLC2A13
515,259230,126328,['S1'],['2'],1,0,SGMS1,NDUFA11
516,259230,1384,['H1299_4H'],['3'],1,0,SGMS1,CRAT
517,259230,1629,['H1299_4H'],['3'],1,0,SGMS1,DBT
518,259230,1633,['H1299_4H'],['3'],1,0,SGMS1,DCK
519,259230,1717,['H1299_4H'],['3'],1,0,SGMS1,DHCR7
520,259230,2639,['S1'],['2'],1,0,SGMS1,GCDH
521,1717,4597,['H1299_4H'],['3'],1,1,DHCR7,MVD
522,1717,4047,['H1299_4H'],['3'],1,1,DHCR7,LSS
523,1717,3156,['H1299_4H'],['3'],1,1,DHCR7,HMGCR
524,10999,4719,['S1'],['2'],1,0,SLC27A4,NDUFS1
525,10999,4705,['S1'],['2'],1,0,SLC27A4,NDUFA10
526,10999,4706,['S1'],['2'],1,0,SLC27A4,NDUFAB1
527,10999,4707,['S1'],['2'],1,0,SLC27A4,NDUFB1
528,10999,4708,['S1'],['2'],1,0,SLC27A4,NDUFB2
529,10999,4709,['S1'],['2'],1,0,SLC27A4,NDUFB3
530,10999,4710,['S1'],['2'],1,0,SLC27A4,NDUFB4
531,10999,4711,['S1'],['2'],1,0,SLC27A4,NDUFB5
532,10999,4713,['S1'],['2'],1,0,SLC27A4,NDUFB7
533,10999,4714,['S1'],['2'],1,0,SLC27A4,NDUFB8
534,10999,4715,['S1'],['2'],1,0,SLC27A4,NDUFB9
535,10999,4716,['S1'],['2'],1,0,SLC27A4,NDUFB10
536,10999,4717,['S1'],['2'],1,0,SLC27A4,NDUFC1
537,10999,4718,['S1'],['2'],1,0,SLC27A4,NDUFC2
538,10999,4720,['S1'],['2'],1,0,SLC27A4,NDUFS2
539,10999,4702,['S1'],['2'],1,0,SLC27A4,NDUFA8
540,10999,4722,['S1'],['2'],1,0,SLC27A4,NDUFS3
541,10999,4723,['S1'],['2'],1,0,SLC27A4,NDUFV1
542,10999,4724,['S1'],['2'],1,0,SLC27A4,NDUFS4
543,10999,4725,['S1'],['2'],1,0,SLC27A4,NDUFS5
544,10999,4726,['S1'],['2'],1,0,SLC27A4,NDUFS6
545,10999,4728,['S1'],['2'],1,0,SLC27A4,NDUFS8
546,10999,4729,['S1'],['2'],1,0,SLC27A4,NDUFV2
547,10999,51079,['S1'],['2'],1,0,SLC27A4,NDUFA13
548,10999,4704,['S1'],['2'],1,0,SLC27A4,NDUFA9
549,10999,4701,['S1'],['2'],1,0,SLC27A4,NDUFA7
550,10999,2639,['S1'],['2'],1,0,SLC27A4,GCDH
551,10327,51477,['H1299_4H'],['3'],1,0,AKR1A1,ISYNA1
552,10654,1717,['H1299_4H'],['3'],1,1,PMVK,DHCR7
553,10682,1717,['H1299_4H'],['3'],1,1,EBP,DHCR7
554,10999,126328,['S1'],['2'],1,0,SLC27A4,NDUFA11
555,10999,2936,['H1299_4H'],['2'],1,0,SLC27A4,GSR
556,10999,4700,['S1'],['2'],1,0,SLC27A4,NDUFA6
557,10999,374291,['S1'],['2'],1,0,SLC27A4,NDUFS7
558,10999,4535,['S1'],['2'],1,0,SLC27A4,MT-ND1
559,10999,4536,['S1'],['2'],1,0,SLC27A4,MT-ND2
560,10999,4537,['S1'],['2'],1,0,SLC27A4,MT-ND3
561,10999,4538,['S1'],['2'],1,0,SLC27A4,MT-ND4
562,10999,4539,['S1'],['2'],1,0,SLC27A4,MT-ND4L
563,10999,4540,['S1'],['2'],1,0,SLC27A4,MT-ND5
564,10999,4541,['S1'],['2'],1,0,SLC27A4,MT-ND6
565,10999,4694,['S1'],['2'],1,0,SLC27A4,NDUFA1
566,10999,4695,['S1'],['2'],1,0,SLC27A4,NDUFA2
567,10999,4696,['S1'],['2'],1,0,SLC27A4,NDUFA3
568,10999,4697,['S1'],['2'],1,0,SLC27A4,NDUFA4
569,10999,4698,['S1'],['2'],1,0,SLC27A4,NDUFA5
570,1491,1371,['H1299_24H'],['2'],1,0,CTH,CPOX
571,1491,290,['H1299_24H'],['2'],1,0,CTH,ANPEP
572,1491,3145,['H1299_24H'],['2'],1,0,CTH,HMBS
573,1595,1717,['H1299_4H'],['3'],1,1,CYP51A1,DHCR7
574,1468,51228,['CALU3_8H'],['3'],1,0,SLC25A10,GLTP
575,1629,51477,['H1299_4H'],['3'],1,0,DBT,ISYNA1
576,1633,51477,['H1299_4H'],['3'],1,0,DCK,ISYNA1
577,1635,4831,['S6'],['2'],1,1,DCTD,NME2
578,11212,114134,['S16'],['3'],1,1,PLPBP,SLC2A13
579,114134,3177,['S16'],['3'],1,0,SLC2A13,SLC29A2
580,114134,50484,['S16'],['3'],1,0,SLC2A13,RRM2B
581,114134,51071,['S16'],['3'],1,0,SLC2A13,DERA
582,1384,51477,['H1299_4H'],['3'],1,0,CRAT,ISYNA1
583,259230,4718,['S1'],['2'],1,0,SGMS1,NDUFC2
584,259230,4720,['S1'],['2'],1,0,SGMS1,NDUFS2
585,259230,4722,['S1'],['2'],1,0,SGMS1,NDUFS3
586,4723,259230,['S1'],['2'],1,0,NDUFV1,SGMS1
587,4724,259230,['S1'],['2'],1,0,NDUFS4,SGMS1
588,4725,259230,['S1'],['2'],1,0,NDUFS5,SGMS1
589,4726,259230,['S1'],['2'],1,0,NDUFS6,SGMS1
590,51477,4594,['CALU3_8H'],['3'],1,0,ISYNA1,MMUT
591,4728,259230,['S1'],['2'],1,0,NDUFS8,SGMS1
592,4729,259230,['S1'],['2'],1,0,NDUFV2,SGMS1
593,51071,51228,['CALU3_24H'],['3'],1,0,DERA,GLTP
594,51079,259230,['S1'],['2'],1,0,NDUFA13,SGMS1
595,51228,2821,['CALU3_4H'],['3'],1,1,GLTP,GPI
596,51228,4594,['CALU3_8H'],['3'],1,0,GLTP,MMUT
597,2805,2806,['S2'],['2'],1,0,GOT1,GOT2
