,Drugs1,Drugs2,Number_Genes,Phenotype_Essentiality,Phenotype_Safety,Gene_Pair,Pathways
0,2-Deoxy-Glucitol-6-Phosphate,Proline,1,9.0,2.0,PLPBP,Alanine and aspartate metabolism
1,2-Deoxy-Glucitol-6-Phosphate,Proline,1,9.0,2.0,ISYNA1,Inositol phosphate metabolism;Inositol phosphate metabolism
2,Glycerin,Proline,1,9.0,2.0,ISYNA1,Inositol phosphate metabolism;Inositol phosphate metabolism
3,Glycerin,Proline,1,9.0,2.0,PLPBP,Alanine and aspartate metabolism
4,Glycerin,Pyridoxal phosphate,1,9.0,2.0,ISYNA1,Inositol phosphate metabolism;Inositol phosphate metabolism
5,Glycerin,Pyridoxal phosphate,1,9.0,2.0,PLPBP,Alanine and aspartate metabolism
6,DB01840,Proline,1,9.0,2.0,ISYNA1,Inositol phosphate metabolism;Inositol phosphate metabolism
7,DB01840,Proline,1,9.0,2.0,PLPBP,Alanine and aspartate metabolism
8,DB01840,Pyridoxal phosphate,1,9.0,2.0,ISYNA1,Inositol phosphate metabolism;Inositol phosphate metabolism
9,DB01840,Pyridoxal phosphate,1,9.0,2.0,PLPBP,Alanine and aspartate metabolism
10,2-Deoxy-Glucitol-6-Phosphate,Pyridoxal phosphate,1,9.0,2.0,ISYNA1,Inositol phosphate metabolism;Inositol phosphate metabolism
11,2-Deoxy-Glucitol-6-Phosphate,Pyridoxal phosphate,1,9.0,2.0,PLPBP,Alanine and aspartate metabolism
12,Acetic acid,Phosphatidyl serine,1,3.0,3.0,PTDSS1,Glycerophospholipid metabolism
13,Acetic acid,Phosphatidyl serine,1,3.0,3.0,SLC16A1,"Transport, extracellular;Transport, mitochondrial;Transport, extracellular;Transport, mitochondrial;Transport, extracellular;Transport, mitochondrial;Transport, mitochondrial;Transport, extracellular;Transport, mitochondrial;Transport, mitochondrial;Transport, mitochondrial;D-alanine metabolism;Transport, peroxisomal;Transport, mitochondrial;Transport, mitochondrial;Transport, extracellular;Transport, extracellular;Transport, extracellular;Transport, extracellular;Transport, extracellular;Transport, extracellular;Transport, extracellular;Transport, extracellular;Transport, extracellular;Transport, extracellular;Transport, extracellular;Transport, extracellular;Transport, extracellular;Transport, extracellular;Transport, extracellular;Transport, extracellular;Transport, extracellular;Transport, extracellular;Transport, extracellular;Transport, extracellular;Transport, extracellular;Transport, extracellular;Transport, extracellular;Transport, extracellular;Transport, extracellular;Transport, extracellular;Transport, extracellular;Transport, extracellular;Transport, extracellular;Transport, extracellular;Transport, extracellular;Transport, extracellular;Transport, extracellular;Transport, extracellular;Transport, extracellular;Transport, extracellular;Transport, extracellular;Transport, extracellular;Transport, extracellular;Transport, extracellular;Transport, extracellular;Transport, extracellular;Transport, extracellular;Transport, extracellular;Transport, extracellular;Transport, extracellular;Transport, extracellular;Transport, extracellular;Transport, extracellular;Transport, extracellular;Transport, extracellular;Transport, extracellular;Transport, extracellular;Transport, extracellular;Transport, extracellular;Transport, peroxisomal;Transport, extracellular;Transport, extracellular;Transport, extracellular;Transport, extracellular;Transport, extracellular;Transport, extracellular;Drug metabolism"
14,Uridine-5'-Diphosphate,Phosphatidyl serine,1,3.0,2.0,CMPK1,Nucleotide interconversion;Nucleotide interconversion;Nucleotide interconversion;Nucleotide interconversion;Nucleotide interconversion;Nucleotide interconversion;Nucleotide interconversion;Nucleotide interconversion;Nucleotide interconversion;Nucleotide interconversion;Nucleotide interconversion;Nucleotide interconversion;Nucleotide interconversion;Nucleotide interconversion;Nucleotide interconversion;Nucleotide interconversion;Nucleotide interconversion;Nucleotide interconversion;Nucleotide interconversion;Nucleotide interconversion;Nucleotide interconversion;Nucleotide interconversion;Nucleotide interconversion;Nucleotide interconversion;Nucleotide interconversion;Nucleotide interconversion;Nucleotide interconversion;Nucleotide interconversion;Nucleotide interconversion;Nucleotide interconversion;Nucleotide interconversion;Nucleotide interconversion;Nucleotide interconversion;Nucleotide interconversion;Nucleotide interconversion;Nucleotide interconversion;Nucleotide interconversion;Nucleotide interconversion;Nucleotide interconversion;Nucleotide interconversion
15,Uridine-5'-Diphosphate,Phosphatidyl serine,1,3.0,2.0,PTDSS1,Glycerophospholipid metabolism
16,Sofosbuvir,Phosphatidyl serine,1,3.0,2.0,CMPK1,Nucleotide interconversion;Nucleotide interconversion;Nucleotide interconversion;Nucleotide interconversion;Nucleotide interconversion;Nucleotide interconversion;Nucleotide interconversion;Nucleotide interconversion;Nucleotide interconversion;Nucleotide interconversion;Nucleotide interconversion;Nucleotide interconversion;Nucleotide interconversion;Nucleotide interconversion;Nucleotide interconversion;Nucleotide interconversion;Nucleotide interconversion;Nucleotide interconversion;Nucleotide interconversion;Nucleotide interconversion;Nucleotide interconversion;Nucleotide interconversion;Nucleotide interconversion;Nucleotide interconversion;Nucleotide interconversion;Nucleotide interconversion;Nucleotide interconversion;Nucleotide interconversion;Nucleotide interconversion;Nucleotide interconversion;Nucleotide interconversion;Nucleotide interconversion;Nucleotide interconversion;Nucleotide interconversion;Nucleotide interconversion;Nucleotide interconversion;Nucleotide interconversion;Nucleotide interconversion;Nucleotide interconversion;Nucleotide interconversion
17,Sofosbuvir,Phosphatidyl serine,1,3.0,2.0,PTDSS1,Glycerophospholipid metabolism
18,Methotrexate,Phosphatidyl serine,1,3.0,3.0,SLC16A1,"Transport, extracellular;Transport, mitochondrial;Transport, extracellular;Transport, mitochondrial;Transport, extracellular;Transport, mitochondrial;Transport, mitochondrial;Transport, extracellular;Transport, mitochondrial;Transport, mitochondrial;Transport, mitochondrial;D-alanine metabolism;Transport, peroxisomal;Transport, mitochondrial;Transport, mitochondrial;Transport, extracellular;Transport, extracellular;Transport, extracellular;Transport, extracellular;Transport, extracellular;Transport, extracellular;Transport, extracellular;Transport, extracellular;Transport, extracellular;Transport, extracellular;Transport, extracellular;Transport, extracellular;Transport, extracellular;Transport, extracellular;Transport, extracellular;Transport, extracellular;Transport, extracellular;Transport, extracellular;Transport, extracellular;Transport, extracellular;Transport, extracellular;Transport, extracellular;Transport, extracellular;Transport, extracellular;Transport, extracellular;Transport, extracellular;Transport, extracellular;Transport, extracellular;Transport, extracellular;Transport, extracellular;Transport, extracellular;Transport, extracellular;Transport, extracellular;Transport, extracellular;Transport, extracellular;Transport, extracellular;Transport, extracellular;Transport, extracellular;Transport, extracellular;Transport, extracellular;Transport, extracellular;Transport, extracellular;Transport, extracellular;Transport, extracellular;Transport, extracellular;Transport, extracellular;Transport, extracellular;Transport, extracellular;Transport, extracellular;Transport, extracellular;Transport, extracellular;Transport, extracellular;Transport, extracellular;Transport, extracellular;Transport, extracellular;Transport, peroxisomal;Transport, extracellular;Transport, extracellular;Transport, extracellular;Transport, extracellular;Transport, extracellular;Transport, extracellular;Drug metabolism"
19,Methotrexate,Phosphatidyl serine,1,3.0,3.0,PTDSS1,Glycerophospholipid metabolism
20,Aminohippuric acid,Phosphatidyl serine,1,3.0,3.0,SLC16A1,"Transport, extracellular;Transport, mitochondrial;Transport, extracellular;Transport, mitochondrial;Transport, extracellular;Transport, mitochondrial;Transport, mitochondrial;Transport, extracellular;Transport, mitochondrial;Transport, mitochondrial;Transport, mitochondrial;D-alanine metabolism;Transport, peroxisomal;Transport, mitochondrial;Transport, mitochondrial;Transport, extracellular;Transport, extracellular;Transport, extracellular;Transport, extracellular;Transport, extracellular;Transport, extracellular;Transport, extracellular;Transport, extracellular;Transport, extracellular;Transport, extracellular;Transport, extracellular;Transport, extracellular;Transport, extracellular;Transport, extracellular;Transport, extracellular;Transport, extracellular;Transport, extracellular;Transport, extracellular;Transport, extracellular;Transport, extracellular;Transport, extracellular;Transport, extracellular;Transport, extracellular;Transport, extracellular;Transport, extracellular;Transport, extracellular;Transport, extracellular;Transport, extracellular;Transport, extracellular;Transport, extracellular;Transport, extracellular;Transport, extracellular;Transport, extracellular;Transport, extracellular;Transport, extracellular;Transport, extracellular;Transport, extracellular;Transport, extracellular;Transport, extracellular;Transport, extracellular;Transport, extracellular;Transport, extracellular;Transport, extracellular;Transport, extracellular;Transport, extracellular;Transport, extracellular;Transport, extracellular;Transport, extracellular;Transport, extracellular;Transport, extracellular;Transport, extracellular;Transport, extracellular;Transport, extracellular;Transport, extracellular;Transport, extracellular;Transport, peroxisomal;Transport, extracellular;Transport, extracellular;Transport, extracellular;Transport, extracellular;Transport, extracellular;Transport, extracellular;Drug metabolism"
21,Aminohippuric acid,Phosphatidyl serine,1,3.0,3.0,PTDSS1,Glycerophospholipid metabolism
22,DB03664,Phosphatidyl serine,1,3.0,2.0,CMPK1,Nucleotide interconversion;Nucleotide interconversion;Nucleotide interconversion;Nucleotide interconversion;Nucleotide interconversion;Nucleotide interconversion;Nucleotide interconversion;Nucleotide interconversion;Nucleotide interconversion;Nucleotide interconversion;Nucleotide interconversion;Nucleotide interconversion;Nucleotide interconversion;Nucleotide interconversion;Nucleotide interconversion;Nucleotide interconversion;Nucleotide interconversion;Nucleotide interconversion;Nucleotide interconversion;Nucleotide interconversion;Nucleotide interconversion;Nucleotide interconversion;Nucleotide interconversion;Nucleotide interconversion;Nucleotide interconversion;Nucleotide interconversion;Nucleotide interconversion;Nucleotide interconversion;Nucleotide interconversion;Nucleotide interconversion;Nucleotide interconversion;Nucleotide interconversion;Nucleotide interconversion;Nucleotide interconversion;Nucleotide interconversion;Nucleotide interconversion;Nucleotide interconversion;Nucleotide interconversion;Nucleotide interconversion;Nucleotide interconversion
23,DB03664,Phosphatidyl serine,1,3.0,2.0,PTDSS1,Glycerophospholipid metabolism
24,Mersalyl,Phosphatidyl serine,1,3.0,3.0,SLC16A1,"Transport, extracellular;Transport, mitochondrial;Transport, extracellular;Transport, mitochondrial;Transport, extracellular;Transport, mitochondrial;Transport, mitochondrial;Transport, extracellular;Transport, mitochondrial;Transport, mitochondrial;Transport, mitochondrial;D-alanine metabolism;Transport, peroxisomal;Transport, mitochondrial;Transport, mitochondrial;Transport, extracellular;Transport, extracellular;Transport, extracellular;Transport, extracellular;Transport, extracellular;Transport, extracellular;Transport, extracellular;Transport, extracellular;Transport, extracellular;Transport, extracellular;Transport, extracellular;Transport, extracellular;Transport, extracellular;Transport, extracellular;Transport, extracellular;Transport, extracellular;Transport, extracellular;Transport, extracellular;Transport, extracellular;Transport, extracellular;Transport, extracellular;Transport, extracellular;Transport, extracellular;Transport, extracellular;Transport, extracellular;Transport, extracellular;Transport, extracellular;Transport, extracellular;Transport, extracellular;Transport, extracellular;Transport, extracellular;Transport, extracellular;Transport, extracellular;Transport, extracellular;Transport, extracellular;Transport, extracellular;Transport, extracellular;Transport, extracellular;Transport, extracellular;Transport, extracellular;Transport, extracellular;Transport, extracellular;Transport, extracellular;Transport, extracellular;Transport, extracellular;Transport, extracellular;Transport, extracellular;Transport, extracellular;Transport, extracellular;Transport, extracellular;Transport, extracellular;Transport, extracellular;Transport, extracellular;Transport, extracellular;Transport, extracellular;Transport, peroxisomal;Transport, extracellular;Transport, extracellular;Transport, extracellular;Transport, extracellular;Transport, extracellular;Transport, extracellular;Drug metabolism"
25,Mersalyl,Phosphatidyl serine,1,3.0,3.0,PTDSS1,Glycerophospholipid metabolism
26,Niflumic acid,Phosphatidyl serine,1,3.0,3.0,SLC16A1,"Transport, extracellular;Transport, mitochondrial;Transport, extracellular;Transport, mitochondrial;Transport, extracellular;Transport, mitochondrial;Transport, mitochondrial;Transport, extracellular;Transport, mitochondrial;Transport, mitochondrial;Transport, mitochondrial;D-alanine metabolism;Transport, peroxisomal;Transport, mitochondrial;Transport, mitochondrial;Transport, extracellular;Transport, extracellular;Transport, extracellular;Transport, extracellular;Transport, extracellular;Transport, extracellular;Transport, extracellular;Transport, extracellular;Transport, extracellular;Transport, extracellular;Transport, extracellular;Transport, extracellular;Transport, extracellular;Transport, extracellular;Transport, extracellular;Transport, extracellular;Transport, extracellular;Transport, extracellular;Transport, extracellular;Transport, extracellular;Transport, extracellular;Transport, extracellular;Transport, extracellular;Transport, extracellular;Transport, extracellular;Transport, extracellular;Transport, extracellular;Transport, extracellular;Transport, extracellular;Transport, extracellular;Transport, extracellular;Transport, extracellular;Transport, extracellular;Transport, extracellular;Transport, extracellular;Transport, extracellular;Transport, extracellular;Transport, extracellular;Transport, extracellular;Transport, extracellular;Transport, extracellular;Transport, extracellular;Transport, extracellular;Transport, extracellular;Transport, extracellular;Transport, extracellular;Transport, extracellular;Transport, extracellular;Transport, extracellular;Transport, extracellular;Transport, extracellular;Transport, extracellular;Transport, extracellular;Transport, extracellular;Transport, extracellular;Transport, peroxisomal;Transport, extracellular;Transport, extracellular;Transport, extracellular;Transport, extracellular;Transport, extracellular;Transport, extracellular;Drug metabolism"
27,Niflumic acid,Phosphatidyl serine,1,3.0,3.0,PTDSS1,Glycerophospholipid metabolism
28,Lactic acid,Phosphatidyl serine,1,3.0,3.0,SLC16A1,"Transport, extracellular;Transport, mitochondrial;Transport, extracellular;Transport, mitochondrial;Transport, extracellular;Transport, mitochondrial;Transport, mitochondrial;Transport, extracellular;Transport, mitochondrial;Transport, mitochondrial;Transport, mitochondrial;D-alanine metabolism;Transport, peroxisomal;Transport, mitochondrial;Transport, mitochondrial;Transport, extracellular;Transport, extracellular;Transport, extracellular;Transport, extracellular;Transport, extracellular;Transport, extracellular;Transport, extracellular;Transport, extracellular;Transport, extracellular;Transport, extracellular;Transport, extracellular;Transport, extracellular;Transport, extracellular;Transport, extracellular;Transport, extracellular;Transport, extracellular;Transport, extracellular;Transport, extracellular;Transport, extracellular;Transport, extracellular;Transport, extracellular;Transport, extracellular;Transport, extracellular;Transport, extracellular;Transport, extracellular;Transport, extracellular;Transport, extracellular;Transport, extracellular;Transport, extracellular;Transport, extracellular;Transport, extracellular;Transport, extracellular;Transport, extracellular;Transport, extracellular;Transport, extracellular;Transport, extracellular;Transport, extracellular;Transport, extracellular;Transport, extracellular;Transport, extracellular;Transport, extracellular;Transport, extracellular;Transport, extracellular;Transport, extracellular;Transport, extracellular;Transport, extracellular;Transport, extracellular;Transport, extracellular;Transport, extracellular;Transport, extracellular;Transport, extracellular;Transport, extracellular;Transport, extracellular;Transport, extracellular;Transport, extracellular;Transport, peroxisomal;Transport, extracellular;Transport, extracellular;Transport, extracellular;Transport, extracellular;Transport, extracellular;Transport, extracellular;Drug metabolism"
29,Lactic acid,Phosphatidyl serine,1,3.0,3.0,PTDSS1,Glycerophospholipid metabolism
30,Acetoacetic Acid,Phosphatidyl serine,1,3.0,3.0,SLC16A1,"Transport, extracellular;Transport, mitochondrial;Transport, extracellular;Transport, mitochondrial;Transport, extracellular;Transport, mitochondrial;Transport, mitochondrial;Transport, extracellular;Transport, mitochondrial;Transport, mitochondrial;Transport, mitochondrial;D-alanine metabolism;Transport, peroxisomal;Transport, mitochondrial;Transport, mitochondrial;Transport, extracellular;Transport, extracellular;Transport, extracellular;Transport, extracellular;Transport, extracellular;Transport, extracellular;Transport, extracellular;Transport, extracellular;Transport, extracellular;Transport, extracellular;Transport, extracellular;Transport, extracellular;Transport, extracellular;Transport, extracellular;Transport, extracellular;Transport, extracellular;Transport, extracellular;Transport, extracellular;Transport, extracellular;Transport, extracellular;Transport, extracellular;Transport, extracellular;Transport, extracellular;Transport, extracellular;Transport, extracellular;Transport, extracellular;Transport, extracellular;Transport, extracellular;Transport, extracellular;Transport, extracellular;Transport, extracellular;Transport, extracellular;Transport, extracellular;Transport, extracellular;Transport, extracellular;Transport, extracellular;Transport, extracellular;Transport, extracellular;Transport, extracellular;Transport, extracellular;Transport, extracellular;Transport, extracellular;Transport, extracellular;Transport, extracellular;Transport, extracellular;Transport, extracellular;Transport, extracellular;Transport, extracellular;Transport, extracellular;Transport, extracellular;Transport, extracellular;Transport, extracellular;Transport, extracellular;Transport, extracellular;Transport, extracellular;Transport, peroxisomal;Transport, extracellular;Transport, extracellular;Transport, extracellular;Transport, extracellular;Transport, extracellular;Transport, extracellular;Drug metabolism"
31,Acetoacetic Acid,Phosphatidyl serine,1,3.0,3.0,PTDSS1,Glycerophospholipid metabolism
32,Salicylic acid,Phosphatidyl serine,1,3.0,3.0,PTDSS1,Glycerophospholipid metabolism
33,Salicylic acid,Phosphatidyl serine,1,3.0,3.0,SLC16A1,"Transport, extracellular;Transport, mitochondrial;Transport, extracellular;Transport, mitochondrial;Transport, extracellular;Transport, mitochondrial;Transport, mitochondrial;Transport, extracellular;Transport, mitochondrial;Transport, mitochondrial;Transport, mitochondrial;D-alanine metabolism;Transport, peroxisomal;Transport, mitochondrial;Transport, mitochondrial;Transport, extracellular;Transport, extracellular;Transport, extracellular;Transport, extracellular;Transport, extracellular;Transport, extracellular;Transport, extracellular;Transport, extracellular;Transport, extracellular;Transport, extracellular;Transport, extracellular;Transport, extracellular;Transport, extracellular;Transport, extracellular;Transport, extracellular;Transport, extracellular;Transport, extracellular;Transport, extracellular;Transport, extracellular;Transport, extracellular;Transport, extracellular;Transport, extracellular;Transport, extracellular;Transport, extracellular;Transport, extracellular;Transport, extracellular;Transport, extracellular;Transport, extracellular;Transport, extracellular;Transport, extracellular;Transport, extracellular;Transport, extracellular;Transport, extracellular;Transport, extracellular;Transport, extracellular;Transport, extracellular;Transport, extracellular;Transport, extracellular;Transport, extracellular;Transport, extracellular;Transport, extracellular;Transport, extracellular;Transport, extracellular;Transport, extracellular;Transport, extracellular;Transport, extracellular;Transport, extracellular;Transport, extracellular;Transport, extracellular;Transport, extracellular;Transport, extracellular;Transport, extracellular;Transport, extracellular;Transport, extracellular;Transport, extracellular;Transport, peroxisomal;Transport, extracellular;Transport, extracellular;Transport, extracellular;Transport, extracellular;Transport, extracellular;Transport, extracellular;Drug metabolism"
34,Tetrafluoroaluminate Ion,Phosphatidyl serine,1,3.0,2.0,CMPK1,Nucleotide interconversion;Nucleotide interconversion;Nucleotide interconversion;Nucleotide interconversion;Nucleotide interconversion;Nucleotide interconversion;Nucleotide interconversion;Nucleotide interconversion;Nucleotide interconversion;Nucleotide interconversion;Nucleotide interconversion;Nucleotide interconversion;Nucleotide interconversion;Nucleotide interconversion;Nucleotide interconversion;Nucleotide interconversion;Nucleotide interconversion;Nucleotide interconversion;Nucleotide interconversion;Nucleotide interconversion;Nucleotide interconversion;Nucleotide interconversion;Nucleotide interconversion;Nucleotide interconversion;Nucleotide interconversion;Nucleotide interconversion;Nucleotide interconversion;Nucleotide interconversion;Nucleotide interconversion;Nucleotide interconversion;Nucleotide interconversion;Nucleotide interconversion;Nucleotide interconversion;Nucleotide interconversion;Nucleotide interconversion;Nucleotide interconversion;Nucleotide interconversion;Nucleotide interconversion;Nucleotide interconversion;Nucleotide interconversion
35,Tetrafluoroaluminate Ion,Phosphatidyl serine,1,3.0,2.0,PTDSS1,Glycerophospholipid metabolism
36,Lamivudine,Phosphatidyl serine,1,3.0,2.0,CMPK1,Nucleotide interconversion;Nucleotide interconversion;Nucleotide interconversion;Nucleotide interconversion;Nucleotide interconversion;Nucleotide interconversion;Nucleotide interconversion;Nucleotide interconversion;Nucleotide interconversion;Nucleotide interconversion;Nucleotide interconversion;Nucleotide interconversion;Nucleotide interconversion;Nucleotide interconversion;Nucleotide interconversion;Nucleotide interconversion;Nucleotide interconversion;Nucleotide interconversion;Nucleotide interconversion;Nucleotide interconversion;Nucleotide interconversion;Nucleotide interconversion;Nucleotide interconversion;Nucleotide interconversion;Nucleotide interconversion;Nucleotide interconversion;Nucleotide interconversion;Nucleotide interconversion;Nucleotide interconversion;Nucleotide interconversion;Nucleotide interconversion;Nucleotide interconversion;Nucleotide interconversion;Nucleotide interconversion;Nucleotide interconversion;Nucleotide interconversion;Nucleotide interconversion;Nucleotide interconversion;Nucleotide interconversion;Nucleotide interconversion
37,Lamivudine,Phosphatidyl serine,1,3.0,2.0,PTDSS1,Glycerophospholipid metabolism
38,Nateglinide,Phosphatidyl serine,1,3.0,3.0,SLC16A1,"Transport, extracellular;Transport, mitochondrial;Transport, extracellular;Transport, mitochondrial;Transport, extracellular;Transport, mitochondrial;Transport, mitochondrial;Transport, extracellular;Transport, mitochondrial;Transport, mitochondrial;Transport, mitochondrial;D-alanine metabolism;Transport, peroxisomal;Transport, mitochondrial;Transport, mitochondrial;Transport, extracellular;Transport, extracellular;Transport, extracellular;Transport, extracellular;Transport, extracellular;Transport, extracellular;Transport, extracellular;Transport, extracellular;Transport, extracellular;Transport, extracellular;Transport, extracellular;Transport, extracellular;Transport, extracellular;Transport, extracellular;Transport, extracellular;Transport, extracellular;Transport, extracellular;Transport, extracellular;Transport, extracellular;Transport, extracellular;Transport, extracellular;Transport, extracellular;Transport, extracellular;Transport, extracellular;Transport, extracellular;Transport, extracellular;Transport, extracellular;Transport, extracellular;Transport, extracellular;Transport, extracellular;Transport, extracellular;Transport, extracellular;Transport, extracellular;Transport, extracellular;Transport, extracellular;Transport, extracellular;Transport, extracellular;Transport, extracellular;Transport, extracellular;Transport, extracellular;Transport, extracellular;Transport, extracellular;Transport, extracellular;Transport, extracellular;Transport, extracellular;Transport, extracellular;Transport, extracellular;Transport, extracellular;Transport, extracellular;Transport, extracellular;Transport, extracellular;Transport, extracellular;Transport, extracellular;Transport, extracellular;Transport, extracellular;Transport, peroxisomal;Transport, extracellular;Transport, extracellular;Transport, extracellular;Transport, extracellular;Transport, extracellular;Transport, extracellular;Drug metabolism"
39,Nateglinide,Phosphatidyl serine,1,3.0,3.0,PTDSS1,Glycerophospholipid metabolism
40,Quercetin,Phosphatidyl serine,1,3.0,3.0,SLC16A1,"Transport, extracellular;Transport, mitochondrial;Transport, extracellular;Transport, mitochondrial;Transport, extracellular;Transport, mitochondrial;Transport, mitochondrial;Transport, extracellular;Transport, mitochondrial;Transport, mitochondrial;Transport, mitochondrial;D-alanine metabolism;Transport, peroxisomal;Transport, mitochondrial;Transport, mitochondrial;Transport, extracellular;Transport, extracellular;Transport, extracellular;Transport, extracellular;Transport, extracellular;Transport, extracellular;Transport, extracellular;Transport, extracellular;Transport, extracellular;Transport, extracellular;Transport, extracellular;Transport, extracellular;Transport, extracellular;Transport, extracellular;Transport, extracellular;Transport, extracellular;Transport, extracellular;Transport, extracellular;Transport, extracellular;Transport, extracellular;Transport, extracellular;Transport, extracellular;Transport, extracellular;Transport, extracellular;Transport, extracellular;Transport, extracellular;Transport, extracellular;Transport, extracellular;Transport, extracellular;Transport, extracellular;Transport, extracellular;Transport, extracellular;Transport, extracellular;Transport, extracellular;Transport, extracellular;Transport, extracellular;Transport, extracellular;Transport, extracellular;Transport, extracellular;Transport, extracellular;Transport, extracellular;Transport, extracellular;Transport, extracellular;Transport, extracellular;Transport, extracellular;Transport, extracellular;Transport, extracellular;Transport, extracellular;Transport, extracellular;Transport, extracellular;Transport, extracellular;Transport, extracellular;Transport, extracellular;Transport, extracellular;Transport, extracellular;Transport, peroxisomal;Transport, extracellular;Transport, extracellular;Transport, extracellular;Transport, extracellular;Transport, extracellular;Transport, extracellular;Drug metabolism"
41,Quercetin,Phosphatidyl serine,1,3.0,3.0,PTDSS1,Glycerophospholipid metabolism
42,D-Lactic acid,Phosphatidyl serine,1,3.0,3.0,SLC16A1,"Transport, extracellular;Transport, mitochondrial;Transport, extracellular;Transport, mitochondrial;Transport, extracellular;Transport, mitochondrial;Transport, mitochondrial;Transport, extracellular;Transport, mitochondrial;Transport, mitochondrial;Transport, mitochondrial;D-alanine metabolism;Transport, peroxisomal;Transport, mitochondrial;Transport, mitochondrial;Transport, extracellular;Transport, extracellular;Transport, extracellular;Transport, extracellular;Transport, extracellular;Transport, extracellular;Transport, extracellular;Transport, extracellular;Transport, extracellular;Transport, extracellular;Transport, extracellular;Transport, extracellular;Transport, extracellular;Transport, extracellular;Transport, extracellular;Transport, extracellular;Transport, extracellular;Transport, extracellular;Transport, extracellular;Transport, extracellular;Transport, extracellular;Transport, extracellular;Transport, extracellular;Transport, extracellular;Transport, extracellular;Transport, extracellular;Transport, extracellular;Transport, extracellular;Transport, extracellular;Transport, extracellular;Transport, extracellular;Transport, extracellular;Transport, extracellular;Transport, extracellular;Transport, extracellular;Transport, extracellular;Transport, extracellular;Transport, extracellular;Transport, extracellular;Transport, extracellular;Transport, extracellular;Transport, extracellular;Transport, extracellular;Transport, extracellular;Transport, extracellular;Transport, extracellular;Transport, extracellular;Transport, extracellular;Transport, extracellular;Transport, extracellular;Transport, extracellular;Transport, extracellular;Transport, extracellular;Transport, extracellular;Transport, extracellular;Transport, peroxisomal;Transport, extracellular;Transport, extracellular;Transport, extracellular;Transport, extracellular;Transport, extracellular;Transport, extracellular;Drug metabolism"
43,D-Lactic acid,Phosphatidyl serine,1,3.0,3.0,PTDSS1,Glycerophospholipid metabolism
44,Benzoic acid,Phosphatidyl serine,1,3.0,3.0,SLC16A1,"Transport, extracellular;Transport, mitochondrial;Transport, extracellular;Transport, mitochondrial;Transport, extracellular;Transport, mitochondrial;Transport, mitochondrial;Transport, extracellular;Transport, mitochondrial;Transport, mitochondrial;Transport, mitochondrial;D-alanine metabolism;Transport, peroxisomal;Transport, mitochondrial;Transport, mitochondrial;Transport, extracellular;Transport, extracellular;Transport, extracellular;Transport, extracellular;Transport, extracellular;Transport, extracellular;Transport, extracellular;Transport, extracellular;Transport, extracellular;Transport, extracellular;Transport, extracellular;Transport, extracellular;Transport, extracellular;Transport, extracellular;Transport, extracellular;Transport, extracellular;Transport, extracellular;Transport, extracellular;Transport, extracellular;Transport, extracellular;Transport, extracellular;Transport, extracellular;Transport, extracellular;Transport, extracellular;Transport, extracellular;Transport, extracellular;Transport, extracellular;Transport, extracellular;Transport, extracellular;Transport, extracellular;Transport, extracellular;Transport, extracellular;Transport, extracellular;Transport, extracellular;Transport, extracellular;Transport, extracellular;Transport, extracellular;Transport, extracellular;Transport, extracellular;Transport, extracellular;Transport, extracellular;Transport, extracellular;Transport, extracellular;Transport, extracellular;Transport, extracellular;Transport, extracellular;Transport, extracellular;Transport, extracellular;Transport, extracellular;Transport, extracellular;Transport, extracellular;Transport, extracellular;Transport, extracellular;Transport, extracellular;Transport, extracellular;Transport, peroxisomal;Transport, extracellular;Transport, extracellular;Transport, extracellular;Transport, extracellular;Transport, extracellular;Transport, extracellular;Drug metabolism"
45,Benzoic acid,Phosphatidyl serine,1,3.0,3.0,PTDSS1,Glycerophospholipid metabolism
46,Cytidine-5'-Monophosphate,Phosphatidyl serine,1,3.0,2.0,CMPK1,Nucleotide interconversion;Nucleotide interconversion;Nucleotide interconversion;Nucleotide interconversion;Nucleotide interconversion;Nucleotide interconversion;Nucleotide interconversion;Nucleotide interconversion;Nucleotide interconversion;Nucleotide interconversion;Nucleotide interconversion;Nucleotide interconversion;Nucleotide interconversion;Nucleotide interconversion;Nucleotide interconversion;Nucleotide interconversion;Nucleotide interconversion;Nucleotide interconversion;Nucleotide interconversion;Nucleotide interconversion;Nucleotide interconversion;Nucleotide interconversion;Nucleotide interconversion;Nucleotide interconversion;Nucleotide interconversion;Nucleotide interconversion;Nucleotide interconversion;Nucleotide interconversion;Nucleotide interconversion;Nucleotide interconversion;Nucleotide interconversion;Nucleotide interconversion;Nucleotide interconversion;Nucleotide interconversion;Nucleotide interconversion;Nucleotide interconversion;Nucleotide interconversion;Nucleotide interconversion;Nucleotide interconversion;Nucleotide interconversion
47,Cytidine-5'-Monophosphate,Phosphatidyl serine,1,3.0,2.0,PTDSS1,Glycerophospholipid metabolism
48,Probenecid,Phosphatidyl serine,1,3.0,3.0,SLC16A1,"Transport, extracellular;Transport, mitochondrial;Transport, extracellular;Transport, mitochondrial;Transport, extracellular;Transport, mitochondrial;Transport, mitochondrial;Transport, extracellular;Transport, mitochondrial;Transport, mitochondrial;Transport, mitochondrial;D-alanine metabolism;Transport, peroxisomal;Transport, mitochondrial;Transport, mitochondrial;Transport, extracellular;Transport, extracellular;Transport, extracellular;Transport, extracellular;Transport, extracellular;Transport, extracellular;Transport, extracellular;Transport, extracellular;Transport, extracellular;Transport, extracellular;Transport, extracellular;Transport, extracellular;Transport, extracellular;Transport, extracellular;Transport, extracellular;Transport, extracellular;Transport, extracellular;Transport, extracellular;Transport, extracellular;Transport, extracellular;Transport, extracellular;Transport, extracellular;Transport, extracellular;Transport, extracellular;Transport, extracellular;Transport, extracellular;Transport, extracellular;Transport, extracellular;Transport, extracellular;Transport, extracellular;Transport, extracellular;Transport, extracellular;Transport, extracellular;Transport, extracellular;Transport, extracellular;Transport, extracellular;Transport, extracellular;Transport, extracellular;Transport, extracellular;Transport, extracellular;Transport, extracellular;Transport, extracellular;Transport, extracellular;Transport, extracellular;Transport, extracellular;Transport, extracellular;Transport, extracellular;Transport, extracellular;Transport, extracellular;Transport, extracellular;Transport, extracellular;Transport, extracellular;Transport, extracellular;Transport, extracellular;Transport, extracellular;Transport, peroxisomal;Transport, extracellular;Transport, extracellular;Transport, extracellular;Transport, extracellular;Transport, extracellular;Transport, extracellular;Drug metabolism"
49,Probenecid,Phosphatidyl serine,1,3.0,3.0,PTDSS1,Glycerophospholipid metabolism
50,Arbaclofen Placarbil,Phosphatidyl serine,1,3.0,3.0,SLC16A1,"Transport, extracellular;Transport, mitochondrial;Transport, extracellular;Transport, mitochondrial;Transport, extracellular;Transport, mitochondrial;Transport, mitochondrial;Transport, extracellular;Transport, mitochondrial;Transport, mitochondrial;Transport, mitochondrial;D-alanine metabolism;Transport, peroxisomal;Transport, mitochondrial;Transport, mitochondrial;Transport, extracellular;Transport, extracellular;Transport, extracellular;Transport, extracellular;Transport, extracellular;Transport, extracellular;Transport, extracellular;Transport, extracellular;Transport, extracellular;Transport, extracellular;Transport, extracellular;Transport, extracellular;Transport, extracellular;Transport, extracellular;Transport, extracellular;Transport, extracellular;Transport, extracellular;Transport, extracellular;Transport, extracellular;Transport, extracellular;Transport, extracellular;Transport, extracellular;Transport, extracellular;Transport, extracellular;Transport, extracellular;Transport, extracellular;Transport, extracellular;Transport, extracellular;Transport, extracellular;Transport, extracellular;Transport, extracellular;Transport, extracellular;Transport, extracellular;Transport, extracellular;Transport, extracellular;Transport, extracellular;Transport, extracellular;Transport, extracellular;Transport, extracellular;Transport, extracellular;Transport, extracellular;Transport, extracellular;Transport, extracellular;Transport, extracellular;Transport, extracellular;Transport, extracellular;Transport, extracellular;Transport, extracellular;Transport, extracellular;Transport, extracellular;Transport, extracellular;Transport, extracellular;Transport, extracellular;Transport, extracellular;Transport, extracellular;Transport, peroxisomal;Transport, extracellular;Transport, extracellular;Transport, extracellular;Transport, extracellular;Transport, extracellular;Transport, extracellular;Drug metabolism"
51,Arbaclofen Placarbil,Phosphatidyl serine,1,3.0,3.0,PTDSS1,Glycerophospholipid metabolism
52,Foscarnet,Phosphatidyl serine,1,3.0,3.0,PTDSS1,Glycerophospholipid metabolism
53,Foscarnet,Phosphatidyl serine,1,3.0,3.0,SLC16A1,"Transport, extracellular;Transport, mitochondrial;Transport, extracellular;Transport, mitochondrial;Transport, extracellular;Transport, mitochondrial;Transport, mitochondrial;Transport, extracellular;Transport, mitochondrial;Transport, mitochondrial;Transport, mitochondrial;D-alanine metabolism;Transport, peroxisomal;Transport, mitochondrial;Transport, mitochondrial;Transport, extracellular;Transport, extracellular;Transport, extracellular;Transport, extracellular;Transport, extracellular;Transport, extracellular;Transport, extracellular;Transport, extracellular;Transport, extracellular;Transport, extracellular;Transport, extracellular;Transport, extracellular;Transport, extracellular;Transport, extracellular;Transport, extracellular;Transport, extracellular;Transport, extracellular;Transport, extracellular;Transport, extracellular;Transport, extracellular;Transport, extracellular;Transport, extracellular;Transport, extracellular;Transport, extracellular;Transport, extracellular;Transport, extracellular;Transport, extracellular;Transport, extracellular;Transport, extracellular;Transport, extracellular;Transport, extracellular;Transport, extracellular;Transport, extracellular;Transport, extracellular;Transport, extracellular;Transport, extracellular;Transport, extracellular;Transport, extracellular;Transport, extracellular;Transport, extracellular;Transport, extracellular;Transport, extracellular;Transport, extracellular;Transport, extracellular;Transport, extracellular;Transport, extracellular;Transport, extracellular;Transport, extracellular;Transport, extracellular;Transport, extracellular;Transport, extracellular;Transport, extracellular;Transport, extracellular;Transport, extracellular;Transport, extracellular;Transport, peroxisomal;Transport, extracellular;Transport, extracellular;Transport, extracellular;Transport, extracellular;Transport, extracellular;Transport, extracellular;Drug metabolism"
54,Ampicillin,Phosphatidyl serine,1,3.0,3.0,SLC16A1,"Transport, extracellular;Transport, mitochondrial;Transport, extracellular;Transport, mitochondrial;Transport, extracellular;Transport, mitochondrial;Transport, mitochondrial;Transport, extracellular;Transport, mitochondrial;Transport, mitochondrial;Transport, mitochondrial;D-alanine metabolism;Transport, peroxisomal;Transport, mitochondrial;Transport, mitochondrial;Transport, extracellular;Transport, extracellular;Transport, extracellular;Transport, extracellular;Transport, extracellular;Transport, extracellular;Transport, extracellular;Transport, extracellular;Transport, extracellular;Transport, extracellular;Transport, extracellular;Transport, extracellular;Transport, extracellular;Transport, extracellular;Transport, extracellular;Transport, extracellular;Transport, extracellular;Transport, extracellular;Transport, extracellular;Transport, extracellular;Transport, extracellular;Transport, extracellular;Transport, extracellular;Transport, extracellular;Transport, extracellular;Transport, extracellular;Transport, extracellular;Transport, extracellular;Transport, extracellular;Transport, extracellular;Transport, extracellular;Transport, extracellular;Transport, extracellular;Transport, extracellular;Transport, extracellular;Transport, extracellular;Transport, extracellular;Transport, extracellular;Transport, extracellular;Transport, extracellular;Transport, extracellular;Transport, extracellular;Transport, extracellular;Transport, extracellular;Transport, extracellular;Transport, extracellular;Transport, extracellular;Transport, extracellular;Transport, extracellular;Transport, extracellular;Transport, extracellular;Transport, extracellular;Transport, extracellular;Transport, extracellular;Transport, extracellular;Transport, peroxisomal;Transport, extracellular;Transport, extracellular;Transport, extracellular;Transport, extracellular;Transport, extracellular;Transport, extracellular;Drug metabolism"
55,Ampicillin,Phosphatidyl serine,1,3.0,3.0,PTDSS1,Glycerophospholipid metabolism
56,alpha-D-quinovopyranose,Phosphatidyl serine,1,3.0,3.0,SLC16A1,"Transport, extracellular;Transport, mitochondrial;Transport, extracellular;Transport, mitochondrial;Transport, extracellular;Transport, mitochondrial;Transport, mitochondrial;Transport, extracellular;Transport, mitochondrial;Transport, mitochondrial;Transport, mitochondrial;D-alanine metabolism;Transport, peroxisomal;Transport, mitochondrial;Transport, mitochondrial;Transport, extracellular;Transport, extracellular;Transport, extracellular;Transport, extracellular;Transport, extracellular;Transport, extracellular;Transport, extracellular;Transport, extracellular;Transport, extracellular;Transport, extracellular;Transport, extracellular;Transport, extracellular;Transport, extracellular;Transport, extracellular;Transport, extracellular;Transport, extracellular;Transport, extracellular;Transport, extracellular;Transport, extracellular;Transport, extracellular;Transport, extracellular;Transport, extracellular;Transport, extracellular;Transport, extracellular;Transport, extracellular;Transport, extracellular;Transport, extracellular;Transport, extracellular;Transport, extracellular;Transport, extracellular;Transport, extracellular;Transport, extracellular;Transport, extracellular;Transport, extracellular;Transport, extracellular;Transport, extracellular;Transport, extracellular;Transport, extracellular;Transport, extracellular;Transport, extracellular;Transport, extracellular;Transport, extracellular;Transport, extracellular;Transport, extracellular;Transport, extracellular;Transport, extracellular;Transport, extracellular;Transport, extracellular;Transport, extracellular;Transport, extracellular;Transport, extracellular;Transport, extracellular;Transport, extracellular;Transport, extracellular;Transport, extracellular;Transport, peroxisomal;Transport, extracellular;Transport, extracellular;Transport, extracellular;Transport, extracellular;Transport, extracellular;Transport, extracellular;Drug metabolism"
57,alpha-D-quinovopyranose,Phosphatidyl serine,1,3.0,3.0,PTDSS1,Glycerophospholipid metabolism
58,alpha-Ketoisovalerate,Phosphatidyl serine,1,3.0,3.0,SLC16A1,"Transport, extracellular;Transport, mitochondrial;Transport, extracellular;Transport, mitochondrial;Transport, extracellular;Transport, mitochondrial;Transport, mitochondrial;Transport, extracellular;Transport, mitochondrial;Transport, mitochondrial;Transport, mitochondrial;D-alanine metabolism;Transport, peroxisomal;Transport, mitochondrial;Transport, mitochondrial;Transport, extracellular;Transport, extracellular;Transport, extracellular;Transport, extracellular;Transport, extracellular;Transport, extracellular;Transport, extracellular;Transport, extracellular;Transport, extracellular;Transport, extracellular;Transport, extracellular;Transport, extracellular;Transport, extracellular;Transport, extracellular;Transport, extracellular;Transport, extracellular;Transport, extracellular;Transport, extracellular;Transport, extracellular;Transport, extracellular;Transport, extracellular;Transport, extracellular;Transport, extracellular;Transport, extracellular;Transport, extracellular;Transport, extracellular;Transport, extracellular;Transport, extracellular;Transport, extracellular;Transport, extracellular;Transport, extracellular;Transport, extracellular;Transport, extracellular;Transport, extracellular;Transport, extracellular;Transport, extracellular;Transport, extracellular;Transport, extracellular;Transport, extracellular;Transport, extracellular;Transport, extracellular;Transport, extracellular;Transport, extracellular;Transport, extracellular;Transport, extracellular;Transport, extracellular;Transport, extracellular;Transport, extracellular;Transport, extracellular;Transport, extracellular;Transport, extracellular;Transport, extracellular;Transport, extracellular;Transport, extracellular;Transport, extracellular;Transport, peroxisomal;Transport, extracellular;Transport, extracellular;Transport, extracellular;Transport, extracellular;Transport, extracellular;Transport, extracellular;Drug metabolism"
59,alpha-Ketoisovalerate,Phosphatidyl serine,1,3.0,3.0,PTDSS1,Glycerophospholipid metabolism
60,gamma-Hydroxybutyric acid,Phosphatidyl serine,1,3.0,3.0,SLC16A1,"Transport, extracellular;Transport, mitochondrial;Transport, extracellular;Transport, mitochondrial;Transport, extracellular;Transport, mitochondrial;Transport, mitochondrial;Transport, extracellular;Transport, mitochondrial;Transport, mitochondrial;Transport, mitochondrial;D-alanine metabolism;Transport, peroxisomal;Transport, mitochondrial;Transport, mitochondrial;Transport, extracellular;Transport, extracellular;Transport, extracellular;Transport, extracellular;Transport, extracellular;Transport, extracellular;Transport, extracellular;Transport, extracellular;Transport, extracellular;Transport, extracellular;Transport, extracellular;Transport, extracellular;Transport, extracellular;Transport, extracellular;Transport, extracellular;Transport, extracellular;Transport, extracellular;Transport, extracellular;Transport, extracellular;Transport, extracellular;Transport, extracellular;Transport, extracellular;Transport, extracellular;Transport, extracellular;Transport, extracellular;Transport, extracellular;Transport, extracellular;Transport, extracellular;Transport, extracellular;Transport, extracellular;Transport, extracellular;Transport, extracellular;Transport, extracellular;Transport, extracellular;Transport, extracellular;Transport, extracellular;Transport, extracellular;Transport, extracellular;Transport, extracellular;Transport, extracellular;Transport, extracellular;Transport, extracellular;Transport, extracellular;Transport, extracellular;Transport, extracellular;Transport, extracellular;Transport, extracellular;Transport, extracellular;Transport, extracellular;Transport, extracellular;Transport, extracellular;Transport, extracellular;Transport, extracellular;Transport, extracellular;Transport, extracellular;Transport, peroxisomal;Transport, extracellular;Transport, extracellular;Transport, extracellular;Transport, extracellular;Transport, extracellular;Transport, extracellular;Drug metabolism"
61,gamma-Hydroxybutyric acid,Phosphatidyl serine,1,3.0,3.0,PTDSS1,Glycerophospholipid metabolism
62,Valproic acid,Phosphatidyl serine,1,3.0,3.0,SLC16A1,"Transport, extracellular;Transport, mitochondrial;Transport, extracellular;Transport, mitochondrial;Transport, extracellular;Transport, mitochondrial;Transport, mitochondrial;Transport, extracellular;Transport, mitochondrial;Transport, mitochondrial;Transport, mitochondrial;D-alanine metabolism;Transport, peroxisomal;Transport, mitochondrial;Transport, mitochondrial;Transport, extracellular;Transport, extracellular;Transport, extracellular;Transport, extracellular;Transport, extracellular;Transport, extracellular;Transport, extracellular;Transport, extracellular;Transport, extracellular;Transport, extracellular;Transport, extracellular;Transport, extracellular;Transport, extracellular;Transport, extracellular;Transport, extracellular;Transport, extracellular;Transport, extracellular;Transport, extracellular;Transport, extracellular;Transport, extracellular;Transport, extracellular;Transport, extracellular;Transport, extracellular;Transport, extracellular;Transport, extracellular;Transport, extracellular;Transport, extracellular;Transport, extracellular;Transport, extracellular;Transport, extracellular;Transport, extracellular;Transport, extracellular;Transport, extracellular;Transport, extracellular;Transport, extracellular;Transport, extracellular;Transport, extracellular;Transport, extracellular;Transport, extracellular;Transport, extracellular;Transport, extracellular;Transport, extracellular;Transport, extracellular;Transport, extracellular;Transport, extracellular;Transport, extracellular;Transport, extracellular;Transport, extracellular;Transport, extracellular;Transport, extracellular;Transport, extracellular;Transport, extracellular;Transport, extracellular;Transport, extracellular;Transport, extracellular;Transport, peroxisomal;Transport, extracellular;Transport, extracellular;Transport, extracellular;Transport, extracellular;Transport, extracellular;Transport, extracellular;Drug metabolism"
63,Valproic acid,Phosphatidyl serine,1,3.0,3.0,PTDSS1,Glycerophospholipid metabolism
64,Pravastatin,Phosphatidyl serine,1,3.0,3.0,SLC16A1,"Transport, extracellular;Transport, mitochondrial;Transport, extracellular;Transport, mitochondrial;Transport, extracellular;Transport, mitochondrial;Transport, mitochondrial;Transport, extracellular;Transport, mitochondrial;Transport, mitochondrial;Transport, mitochondrial;D-alanine metabolism;Transport, peroxisomal;Transport, mitochondrial;Transport, mitochondrial;Transport, extracellular;Transport, extracellular;Transport, extracellular;Transport, extracellular;Transport, extracellular;Transport, extracellular;Transport, extracellular;Transport, extracellular;Transport, extracellular;Transport, extracellular;Transport, extracellular;Transport, extracellular;Transport, extracellular;Transport, extracellular;Transport, extracellular;Transport, extracellular;Transport, extracellular;Transport, extracellular;Transport, extracellular;Transport, extracellular;Transport, extracellular;Transport, extracellular;Transport, extracellular;Transport, extracellular;Transport, extracellular;Transport, extracellular;Transport, extracellular;Transport, extracellular;Transport, extracellular;Transport, extracellular;Transport, extracellular;Transport, extracellular;Transport, extracellular;Transport, extracellular;Transport, extracellular;Transport, extracellular;Transport, extracellular;Transport, extracellular;Transport, extracellular;Transport, extracellular;Transport, extracellular;Transport, extracellular;Transport, extracellular;Transport, extracellular;Transport, extracellular;Transport, extracellular;Transport, extracellular;Transport, extracellular;Transport, extracellular;Transport, extracellular;Transport, extracellular;Transport, extracellular;Transport, extracellular;Transport, extracellular;Transport, extracellular;Transport, peroxisomal;Transport, extracellular;Transport, extracellular;Transport, extracellular;Transport, extracellular;Transport, extracellular;Transport, extracellular;Drug metabolism"
65,Pravastatin,Phosphatidyl serine,1,3.0,3.0,PTDSS1,Glycerophospholipid metabolism
66,Taurocholic acid,Phosphatidyl serine,1,3.0,3.0,SLC16A1,"Transport, extracellular;Transport, mitochondrial;Transport, extracellular;Transport, mitochondrial;Transport, extracellular;Transport, mitochondrial;Transport, mitochondrial;Transport, extracellular;Transport, mitochondrial;Transport, mitochondrial;Transport, mitochondrial;D-alanine metabolism;Transport, peroxisomal;Transport, mitochondrial;Transport, mitochondrial;Transport, extracellular;Transport, extracellular;Transport, extracellular;Transport, extracellular;Transport, extracellular;Transport, extracellular;Transport, extracellular;Transport, extracellular;Transport, extracellular;Transport, extracellular;Transport, extracellular;Transport, extracellular;Transport, extracellular;Transport, extracellular;Transport, extracellular;Transport, extracellular;Transport, extracellular;Transport, extracellular;Transport, extracellular;Transport, extracellular;Transport, extracellular;Transport, extracellular;Transport, extracellular;Transport, extracellular;Transport, extracellular;Transport, extracellular;Transport, extracellular;Transport, extracellular;Transport, extracellular;Transport, extracellular;Transport, extracellular;Transport, extracellular;Transport, extracellular;Transport, extracellular;Transport, extracellular;Transport, extracellular;Transport, extracellular;Transport, extracellular;Transport, extracellular;Transport, extracellular;Transport, extracellular;Transport, extracellular;Transport, extracellular;Transport, extracellular;Transport, extracellular;Transport, extracellular;Transport, extracellular;Transport, extracellular;Transport, extracellular;Transport, extracellular;Transport, extracellular;Transport, extracellular;Transport, extracellular;Transport, extracellular;Transport, extracellular;Transport, peroxisomal;Transport, extracellular;Transport, extracellular;Transport, extracellular;Transport, extracellular;Transport, extracellular;Transport, extracellular;Drug metabolism"
67,Taurocholic acid,Phosphatidyl serine,1,3.0,3.0,PTDSS1,Glycerophospholipid metabolism
68,Cytidine-5'-Monophosphate,Proline,1,2.0,2.0,PLPBP,Alanine and aspartate metabolism
69,Cytidine-5'-Monophosphate,Proline,1,2.0,2.0,CMPK1,Nucleotide interconversion;Nucleotide interconversion;Nucleotide interconversion;Nucleotide interconversion;Nucleotide interconversion;Nucleotide interconversion;Nucleotide interconversion;Nucleotide interconversion;Nucleotide interconversion;Nucleotide interconversion;Nucleotide interconversion;Nucleotide interconversion;Nucleotide interconversion;Nucleotide interconversion;Nucleotide interconversion;Nucleotide interconversion;Nucleotide interconversion;Nucleotide interconversion;Nucleotide interconversion;Nucleotide interconversion;Nucleotide interconversion;Nucleotide interconversion;Nucleotide interconversion;Nucleotide interconversion;Nucleotide interconversion;Nucleotide interconversion;Nucleotide interconversion;Nucleotide interconversion;Nucleotide interconversion;Nucleotide interconversion;Nucleotide interconversion;Nucleotide interconversion;Nucleotide interconversion;Nucleotide interconversion;Nucleotide interconversion;Nucleotide interconversion;Nucleotide interconversion;Nucleotide interconversion;Nucleotide interconversion;Nucleotide interconversion
70,Gemcitabine,Phosphatidyl serine,2,2.0,2.0,SLC29A2,"Transport, extracellular;Transport, extracellular;Transport, extracellular;Transport, extracellular;Transport, extracellular;Transport, extracellular;Transport, extracellular;Transport, extracellular;Transport, extracellular;Transport, extracellular;Transport, extracellular;Transport, extracellular;Transport, extracellular;Transport, extracellular;Transport, extracellular;Transport, extracellular;Transport, extracellular;Transport, extracellular;Transport, mitochondrial;Transport, nuclear"
71,Gemcitabine,Phosphatidyl serine,2,2.0,2.0,PTDSS1,Glycerophospholipid metabolism
72,Gemcitabine,Phosphatidyl serine,2,2.0,2.0,CMPK1,Nucleotide interconversion;Nucleotide interconversion;Nucleotide interconversion;Nucleotide interconversion;Nucleotide interconversion;Nucleotide interconversion;Nucleotide interconversion;Nucleotide interconversion;Nucleotide interconversion;Nucleotide interconversion;Nucleotide interconversion;Nucleotide interconversion;Nucleotide interconversion;Nucleotide interconversion;Nucleotide interconversion;Nucleotide interconversion;Nucleotide interconversion;Nucleotide interconversion;Nucleotide interconversion;Nucleotide interconversion;Nucleotide interconversion;Nucleotide interconversion;Nucleotide interconversion;Nucleotide interconversion;Nucleotide interconversion;Nucleotide interconversion;Nucleotide interconversion;Nucleotide interconversion;Nucleotide interconversion;Nucleotide interconversion;Nucleotide interconversion;Nucleotide interconversion;Nucleotide interconversion;Nucleotide interconversion;Nucleotide interconversion;Nucleotide interconversion;Nucleotide interconversion;Nucleotide interconversion;Nucleotide interconversion;Nucleotide interconversion
73,Tetrafluoroaluminate Ion,Proline,1,2.0,2.0,CMPK1,Nucleotide interconversion;Nucleotide interconversion;Nucleotide interconversion;Nucleotide interconversion;Nucleotide interconversion;Nucleotide interconversion;Nucleotide interconversion;Nucleotide interconversion;Nucleotide interconversion;Nucleotide interconversion;Nucleotide interconversion;Nucleotide interconversion;Nucleotide interconversion;Nucleotide interconversion;Nucleotide interconversion;Nucleotide interconversion;Nucleotide interconversion;Nucleotide interconversion;Nucleotide interconversion;Nucleotide interconversion;Nucleotide interconversion;Nucleotide interconversion;Nucleotide interconversion;Nucleotide interconversion;Nucleotide interconversion;Nucleotide interconversion;Nucleotide interconversion;Nucleotide interconversion;Nucleotide interconversion;Nucleotide interconversion;Nucleotide interconversion;Nucleotide interconversion;Nucleotide interconversion;Nucleotide interconversion;Nucleotide interconversion;Nucleotide interconversion;Nucleotide interconversion;Nucleotide interconversion;Nucleotide interconversion;Nucleotide interconversion
74,Tetrafluoroaluminate Ion,Proline,1,2.0,2.0,PLPBP,Alanine and aspartate metabolism
75,Uridine-5'-Diphosphate,Proline,1,2.0,2.0,CMPK1,Nucleotide interconversion;Nucleotide interconversion;Nucleotide interconversion;Nucleotide interconversion;Nucleotide interconversion;Nucleotide interconversion;Nucleotide interconversion;Nucleotide interconversion;Nucleotide interconversion;Nucleotide interconversion;Nucleotide interconversion;Nucleotide interconversion;Nucleotide interconversion;Nucleotide interconversion;Nucleotide interconversion;Nucleotide interconversion;Nucleotide interconversion;Nucleotide interconversion;Nucleotide interconversion;Nucleotide interconversion;Nucleotide interconversion;Nucleotide interconversion;Nucleotide interconversion;Nucleotide interconversion;Nucleotide interconversion;Nucleotide interconversion;Nucleotide interconversion;Nucleotide interconversion;Nucleotide interconversion;Nucleotide interconversion;Nucleotide interconversion;Nucleotide interconversion;Nucleotide interconversion;Nucleotide interconversion;Nucleotide interconversion;Nucleotide interconversion;Nucleotide interconversion;Nucleotide interconversion;Nucleotide interconversion;Nucleotide interconversion
76,Uridine-5'-Diphosphate,Proline,1,2.0,2.0,PLPBP,Alanine and aspartate metabolism
77,Sofosbuvir,Proline,1,2.0,2.0,CMPK1,Nucleotide interconversion;Nucleotide interconversion;Nucleotide interconversion;Nucleotide interconversion;Nucleotide interconversion;Nucleotide interconversion;Nucleotide interconversion;Nucleotide interconversion;Nucleotide interconversion;Nucleotide interconversion;Nucleotide interconversion;Nucleotide interconversion;Nucleotide interconversion;Nucleotide interconversion;Nucleotide interconversion;Nucleotide interconversion;Nucleotide interconversion;Nucleotide interconversion;Nucleotide interconversion;Nucleotide interconversion;Nucleotide interconversion;Nucleotide interconversion;Nucleotide interconversion;Nucleotide interconversion;Nucleotide interconversion;Nucleotide interconversion;Nucleotide interconversion;Nucleotide interconversion;Nucleotide interconversion;Nucleotide interconversion;Nucleotide interconversion;Nucleotide interconversion;Nucleotide interconversion;Nucleotide interconversion;Nucleotide interconversion;Nucleotide interconversion;Nucleotide interconversion;Nucleotide interconversion;Nucleotide interconversion;Nucleotide interconversion
78,Sofosbuvir,Proline,1,2.0,2.0,PLPBP,Alanine and aspartate metabolism
79,Lamivudine,Proline,1,2.0,2.0,CMPK1,Nucleotide interconversion;Nucleotide interconversion;Nucleotide interconversion;Nucleotide interconversion;Nucleotide interconversion;Nucleotide interconversion;Nucleotide interconversion;Nucleotide interconversion;Nucleotide interconversion;Nucleotide interconversion;Nucleotide interconversion;Nucleotide interconversion;Nucleotide interconversion;Nucleotide interconversion;Nucleotide interconversion;Nucleotide interconversion;Nucleotide interconversion;Nucleotide interconversion;Nucleotide interconversion;Nucleotide interconversion;Nucleotide interconversion;Nucleotide interconversion;Nucleotide interconversion;Nucleotide interconversion;Nucleotide interconversion;Nucleotide interconversion;Nucleotide interconversion;Nucleotide interconversion;Nucleotide interconversion;Nucleotide interconversion;Nucleotide interconversion;Nucleotide interconversion;Nucleotide interconversion;Nucleotide interconversion;Nucleotide interconversion;Nucleotide interconversion;Nucleotide interconversion;Nucleotide interconversion;Nucleotide interconversion;Nucleotide interconversion
80,Lamivudine,Proline,1,2.0,2.0,PLPBP,Alanine and aspartate metabolism
81,DB03664,Proline,1,2.0,2.0,PLPBP,Alanine and aspartate metabolism
82,DB03664,Proline,1,2.0,2.0,CMPK1,Nucleotide interconversion;Nucleotide interconversion;Nucleotide interconversion;Nucleotide interconversion;Nucleotide interconversion;Nucleotide interconversion;Nucleotide interconversion;Nucleotide interconversion;Nucleotide interconversion;Nucleotide interconversion;Nucleotide interconversion;Nucleotide interconversion;Nucleotide interconversion;Nucleotide interconversion;Nucleotide interconversion;Nucleotide interconversion;Nucleotide interconversion;Nucleotide interconversion;Nucleotide interconversion;Nucleotide interconversion;Nucleotide interconversion;Nucleotide interconversion;Nucleotide interconversion;Nucleotide interconversion;Nucleotide interconversion;Nucleotide interconversion;Nucleotide interconversion;Nucleotide interconversion;Nucleotide interconversion;Nucleotide interconversion;Nucleotide interconversion;Nucleotide interconversion;Nucleotide interconversion;Nucleotide interconversion;Nucleotide interconversion;Nucleotide interconversion;Nucleotide interconversion;Nucleotide interconversion;Nucleotide interconversion;Nucleotide interconversion
83,Cytidine-5'-Monophosphate,Pyridoxal phosphate,2,1.5,1.5,CMPK1,Nucleotide interconversion;Nucleotide interconversion;Nucleotide interconversion;Nucleotide interconversion;Nucleotide interconversion;Nucleotide interconversion;Nucleotide interconversion;Nucleotide interconversion;Nucleotide interconversion;Nucleotide interconversion;Nucleotide interconversion;Nucleotide interconversion;Nucleotide interconversion;Nucleotide interconversion;Nucleotide interconversion;Nucleotide interconversion;Nucleotide interconversion;Nucleotide interconversion;Nucleotide interconversion;Nucleotide interconversion;Nucleotide interconversion;Nucleotide interconversion;Nucleotide interconversion;Nucleotide interconversion;Nucleotide interconversion;Nucleotide interconversion;Nucleotide interconversion;Nucleotide interconversion;Nucleotide interconversion;Nucleotide interconversion;Nucleotide interconversion;Nucleotide interconversion;Nucleotide interconversion;Nucleotide interconversion;Nucleotide interconversion;Nucleotide interconversion;Nucleotide interconversion;Nucleotide interconversion;Nucleotide interconversion;Nucleotide interconversion
84,Cytidine-5'-Monophosphate,Pyridoxal phosphate,2,1.5,1.5,AGXT,"Alanine and aspartate metabolism;Glycine, serine, alanine, and threonine metabolism;Glycine, serine, alanine, and threonine metabolism"
85,Cytidine-5'-Monophosphate,Pyridoxal phosphate,2,1.5,1.5,PLPBP,Alanine and aspartate metabolism
86,DB03664,Pyridoxal phosphate,2,1.5,1.5,PLPBP,Alanine and aspartate metabolism
87,DB03664,Pyridoxal phosphate,2,1.5,1.5,CMPK1,Nucleotide interconversion;Nucleotide interconversion;Nucleotide interconversion;Nucleotide interconversion;Nucleotide interconversion;Nucleotide interconversion;Nucleotide interconversion;Nucleotide interconversion;Nucleotide interconversion;Nucleotide interconversion;Nucleotide interconversion;Nucleotide interconversion;Nucleotide interconversion;Nucleotide interconversion;Nucleotide interconversion;Nucleotide interconversion;Nucleotide interconversion;Nucleotide interconversion;Nucleotide interconversion;Nucleotide interconversion;Nucleotide interconversion;Nucleotide interconversion;Nucleotide interconversion;Nucleotide interconversion;Nucleotide interconversion;Nucleotide interconversion;Nucleotide interconversion;Nucleotide interconversion;Nucleotide interconversion;Nucleotide interconversion;Nucleotide interconversion;Nucleotide interconversion;Nucleotide interconversion;Nucleotide interconversion;Nucleotide interconversion;Nucleotide interconversion;Nucleotide interconversion;Nucleotide interconversion;Nucleotide interconversion;Nucleotide interconversion
88,DB03664,Pyridoxal phosphate,2,1.5,1.5,AGXT,"Alanine and aspartate metabolism;Glycine, serine, alanine, and threonine metabolism;Glycine, serine, alanine, and threonine metabolism"
89,Lamivudine,Pyridoxal phosphate,2,1.5,1.5,CMPK1,Nucleotide interconversion;Nucleotide interconversion;Nucleotide interconversion;Nucleotide interconversion;Nucleotide interconversion;Nucleotide interconversion;Nucleotide interconversion;Nucleotide interconversion;Nucleotide interconversion;Nucleotide interconversion;Nucleotide interconversion;Nucleotide interconversion;Nucleotide interconversion;Nucleotide interconversion;Nucleotide interconversion;Nucleotide interconversion;Nucleotide interconversion;Nucleotide interconversion;Nucleotide interconversion;Nucleotide interconversion;Nucleotide interconversion;Nucleotide interconversion;Nucleotide interconversion;Nucleotide interconversion;Nucleotide interconversion;Nucleotide interconversion;Nucleotide interconversion;Nucleotide interconversion;Nucleotide interconversion;Nucleotide interconversion;Nucleotide interconversion;Nucleotide interconversion;Nucleotide interconversion;Nucleotide interconversion;Nucleotide interconversion;Nucleotide interconversion;Nucleotide interconversion;Nucleotide interconversion;Nucleotide interconversion;Nucleotide interconversion
90,Lamivudine,Pyridoxal phosphate,2,1.5,1.5,PLPBP,Alanine and aspartate metabolism
91,Lamivudine,Pyridoxal phosphate,2,1.5,1.5,AGXT,"Alanine and aspartate metabolism;Glycine, serine, alanine, and threonine metabolism;Glycine, serine, alanine, and threonine metabolism"
92,Gemcitabine,Proline,2,1.5,1.5,PLPBP,Alanine and aspartate metabolism
93,Gemcitabine,Proline,2,1.5,1.5,CMPK1,Nucleotide interconversion;Nucleotide interconversion;Nucleotide interconversion;Nucleotide interconversion;Nucleotide interconversion;Nucleotide interconversion;Nucleotide interconversion;Nucleotide interconversion;Nucleotide interconversion;Nucleotide interconversion;Nucleotide interconversion;Nucleotide interconversion;Nucleotide interconversion;Nucleotide interconversion;Nucleotide interconversion;Nucleotide interconversion;Nucleotide interconversion;Nucleotide interconversion;Nucleotide interconversion;Nucleotide interconversion;Nucleotide interconversion;Nucleotide interconversion;Nucleotide interconversion;Nucleotide interconversion;Nucleotide interconversion;Nucleotide interconversion;Nucleotide interconversion;Nucleotide interconversion;Nucleotide interconversion;Nucleotide interconversion;Nucleotide interconversion;Nucleotide interconversion;Nucleotide interconversion;Nucleotide interconversion;Nucleotide interconversion;Nucleotide interconversion;Nucleotide interconversion;Nucleotide interconversion;Nucleotide interconversion;Nucleotide interconversion
94,Gemcitabine,Proline,2,1.5,1.5,TYMS,Nucleotide interconversion
95,Uridine-5'-Diphosphate,Pyridoxal phosphate,2,1.5,1.5,CMPK1,Nucleotide interconversion;Nucleotide interconversion;Nucleotide interconversion;Nucleotide interconversion;Nucleotide interconversion;Nucleotide interconversion;Nucleotide interconversion;Nucleotide interconversion;Nucleotide interconversion;Nucleotide interconversion;Nucleotide interconversion;Nucleotide interconversion;Nucleotide interconversion;Nucleotide interconversion;Nucleotide interconversion;Nucleotide interconversion;Nucleotide interconversion;Nucleotide interconversion;Nucleotide interconversion;Nucleotide interconversion;Nucleotide interconversion;Nucleotide interconversion;Nucleotide interconversion;Nucleotide interconversion;Nucleotide interconversion;Nucleotide interconversion;Nucleotide interconversion;Nucleotide interconversion;Nucleotide interconversion;Nucleotide interconversion;Nucleotide interconversion;Nucleotide interconversion;Nucleotide interconversion;Nucleotide interconversion;Nucleotide interconversion;Nucleotide interconversion;Nucleotide interconversion;Nucleotide interconversion;Nucleotide interconversion;Nucleotide interconversion
96,Uridine-5'-Diphosphate,Pyridoxal phosphate,2,1.5,1.5,PLPBP,Alanine and aspartate metabolism
97,Uridine-5'-Diphosphate,Pyridoxal phosphate,2,1.5,1.5,AGXT,"Alanine and aspartate metabolism;Glycine, serine, alanine, and threonine metabolism;Glycine, serine, alanine, and threonine metabolism"
98,Tetrafluoroaluminate Ion,Pyridoxal phosphate,2,1.5,1.5,CMPK1,Nucleotide interconversion;Nucleotide interconversion;Nucleotide interconversion;Nucleotide interconversion;Nucleotide interconversion;Nucleotide interconversion;Nucleotide interconversion;Nucleotide interconversion;Nucleotide interconversion;Nucleotide interconversion;Nucleotide interconversion;Nucleotide interconversion;Nucleotide interconversion;Nucleotide interconversion;Nucleotide interconversion;Nucleotide interconversion;Nucleotide interconversion;Nucleotide interconversion;Nucleotide interconversion;Nucleotide interconversion;Nucleotide interconversion;Nucleotide interconversion;Nucleotide interconversion;Nucleotide interconversion;Nucleotide interconversion;Nucleotide interconversion;Nucleotide interconversion;Nucleotide interconversion;Nucleotide interconversion;Nucleotide interconversion;Nucleotide interconversion;Nucleotide interconversion;Nucleotide interconversion;Nucleotide interconversion;Nucleotide interconversion;Nucleotide interconversion;Nucleotide interconversion;Nucleotide interconversion;Nucleotide interconversion;Nucleotide interconversion
99,Tetrafluoroaluminate Ion,Pyridoxal phosphate,2,1.5,1.5,PLPBP,Alanine and aspartate metabolism
100,Tetrafluoroaluminate Ion,Pyridoxal phosphate,2,1.5,1.5,AGXT,"Alanine and aspartate metabolism;Glycine, serine, alanine, and threonine metabolism;Glycine, serine, alanine, and threonine metabolism"
101,Sofosbuvir,Pyridoxal phosphate,2,1.5,1.5,AGXT,"Alanine and aspartate metabolism;Glycine, serine, alanine, and threonine metabolism;Glycine, serine, alanine, and threonine metabolism"
102,Sofosbuvir,Pyridoxal phosphate,2,1.5,1.5,PLPBP,Alanine and aspartate metabolism
103,Sofosbuvir,Pyridoxal phosphate,2,1.5,1.5,CMPK1,Nucleotide interconversion;Nucleotide interconversion;Nucleotide interconversion;Nucleotide interconversion;Nucleotide interconversion;Nucleotide interconversion;Nucleotide interconversion;Nucleotide interconversion;Nucleotide interconversion;Nucleotide interconversion;Nucleotide interconversion;Nucleotide interconversion;Nucleotide interconversion;Nucleotide interconversion;Nucleotide interconversion;Nucleotide interconversion;Nucleotide interconversion;Nucleotide interconversion;Nucleotide interconversion;Nucleotide interconversion;Nucleotide interconversion;Nucleotide interconversion;Nucleotide interconversion;Nucleotide interconversion;Nucleotide interconversion;Nucleotide interconversion;Nucleotide interconversion;Nucleotide interconversion;Nucleotide interconversion;Nucleotide interconversion;Nucleotide interconversion;Nucleotide interconversion;Nucleotide interconversion;Nucleotide interconversion;Nucleotide interconversion;Nucleotide interconversion;Nucleotide interconversion;Nucleotide interconversion;Nucleotide interconversion;Nucleotide interconversion
104,Gemcitabine,Pyridoxal phosphate,3,1.33,1.33,CMPK1,Nucleotide interconversion;Nucleotide interconversion;Nucleotide interconversion;Nucleotide interconversion;Nucleotide interconversion;Nucleotide interconversion;Nucleotide interconversion;Nucleotide interconversion;Nucleotide interconversion;Nucleotide interconversion;Nucleotide interconversion;Nucleotide interconversion;Nucleotide interconversion;Nucleotide interconversion;Nucleotide interconversion;Nucleotide interconversion;Nucleotide interconversion;Nucleotide interconversion;Nucleotide interconversion;Nucleotide interconversion;Nucleotide interconversion;Nucleotide interconversion;Nucleotide interconversion;Nucleotide interconversion;Nucleotide interconversion;Nucleotide interconversion;Nucleotide interconversion;Nucleotide interconversion;Nucleotide interconversion;Nucleotide interconversion;Nucleotide interconversion;Nucleotide interconversion;Nucleotide interconversion;Nucleotide interconversion;Nucleotide interconversion;Nucleotide interconversion;Nucleotide interconversion;Nucleotide interconversion;Nucleotide interconversion;Nucleotide interconversion
105,Gemcitabine,Pyridoxal phosphate,3,1.33,1.33,PLPBP,Alanine and aspartate metabolism
106,Gemcitabine,Pyridoxal phosphate,3,1.33,1.33,TYMS,Nucleotide interconversion
107,Gemcitabine,Pyridoxal phosphate,3,1.33,1.33,AGXT,"Alanine and aspartate metabolism;Glycine, serine, alanine, and threonine metabolism;Glycine, serine, alanine, and threonine metabolism"
108,Zalcitabine,Gemcitabine,3,1.25,1.25,TYMS,Nucleotide interconversion
109,Zalcitabine,Gemcitabine,3,1.25,1.25,SLC29A1,"Transport, extracellular;Transport, mitochondrial;Transport, extracellular;Transport, mitochondrial;Transport, extracellular;Transport, extracellular;Transport, extracellular;Transport, mitochondrial;Transport, extracellular;Transport, extracellular;Transport, mitochondrial;Transport, nuclear"
110,Zalcitabine,Gemcitabine,3,1.25,1.25,SLC29A2,"Transport, extracellular;Transport, extracellular;Transport, extracellular;Transport, extracellular;Transport, extracellular;Transport, extracellular;Transport, extracellular;Transport, extracellular;Transport, extracellular;Transport, extracellular;Transport, extracellular;Transport, extracellular;Transport, extracellular;Transport, extracellular;Transport, extracellular;Transport, extracellular;Transport, extracellular;Transport, extracellular;Transport, mitochondrial;Transport, nuclear"
111,Zalcitabine,Gemcitabine,3,1.25,1.25,CMPK1,Nucleotide interconversion;Nucleotide interconversion;Nucleotide interconversion;Nucleotide interconversion;Nucleotide interconversion;Nucleotide interconversion;Nucleotide interconversion;Nucleotide interconversion;Nucleotide interconversion;Nucleotide interconversion;Nucleotide interconversion;Nucleotide interconversion;Nucleotide interconversion;Nucleotide interconversion;Nucleotide interconversion;Nucleotide interconversion;Nucleotide interconversion;Nucleotide interconversion;Nucleotide interconversion;Nucleotide interconversion;Nucleotide interconversion;Nucleotide interconversion;Nucleotide interconversion;Nucleotide interconversion;Nucleotide interconversion;Nucleotide interconversion;Nucleotide interconversion;Nucleotide interconversion;Nucleotide interconversion;Nucleotide interconversion;Nucleotide interconversion;Nucleotide interconversion;Nucleotide interconversion;Nucleotide interconversion;Nucleotide interconversion;Nucleotide interconversion;Nucleotide interconversion;Nucleotide interconversion;Nucleotide interconversion;Nucleotide interconversion
112,Mercaptopurine,Gemcitabine,3,1.25,1.25,SLC29A2,"Transport, extracellular;Transport, extracellular;Transport, extracellular;Transport, extracellular;Transport, extracellular;Transport, extracellular;Transport, extracellular;Transport, extracellular;Transport, extracellular;Transport, extracellular;Transport, extracellular;Transport, extracellular;Transport, extracellular;Transport, extracellular;Transport, extracellular;Transport, extracellular;Transport, extracellular;Transport, extracellular;Transport, mitochondrial;Transport, nuclear"
113,Mercaptopurine,Gemcitabine,3,1.25,1.25,SLC29A1,"Transport, extracellular;Transport, mitochondrial;Transport, extracellular;Transport, mitochondrial;Transport, extracellular;Transport, extracellular;Transport, extracellular;Transport, mitochondrial;Transport, extracellular;Transport, extracellular;Transport, mitochondrial;Transport, nuclear"
114,Mercaptopurine,Gemcitabine,3,1.25,1.25,TYMS,Nucleotide interconversion
115,Mercaptopurine,Gemcitabine,3,1.25,1.25,CMPK1,Nucleotide interconversion;Nucleotide interconversion;Nucleotide interconversion;Nucleotide interconversion;Nucleotide interconversion;Nucleotide interconversion;Nucleotide interconversion;Nucleotide interconversion;Nucleotide interconversion;Nucleotide interconversion;Nucleotide interconversion;Nucleotide interconversion;Nucleotide interconversion;Nucleotide interconversion;Nucleotide interconversion;Nucleotide interconversion;Nucleotide interconversion;Nucleotide interconversion;Nucleotide interconversion;Nucleotide interconversion;Nucleotide interconversion;Nucleotide interconversion;Nucleotide interconversion;Nucleotide interconversion;Nucleotide interconversion;Nucleotide interconversion;Nucleotide interconversion;Nucleotide interconversion;Nucleotide interconversion;Nucleotide interconversion;Nucleotide interconversion;Nucleotide interconversion;Nucleotide interconversion;Nucleotide interconversion;Nucleotide interconversion;Nucleotide interconversion;Nucleotide interconversion;Nucleotide interconversion;Nucleotide interconversion;Nucleotide interconversion
116,Didanosine,Gemcitabine,4,1.2,1.2,SLC29A2,"Transport, extracellular;Transport, extracellular;Transport, extracellular;Transport, extracellular;Transport, extracellular;Transport, extracellular;Transport, extracellular;Transport, extracellular;Transport, extracellular;Transport, extracellular;Transport, extracellular;Transport, extracellular;Transport, extracellular;Transport, extracellular;Transport, extracellular;Transport, extracellular;Transport, extracellular;Transport, extracellular;Transport, mitochondrial;Transport, nuclear"
117,Didanosine,Gemcitabine,4,1.2,1.2,TYMS,Nucleotide interconversion
118,Didanosine,Gemcitabine,4,1.2,1.2,CMPK1,Nucleotide interconversion;Nucleotide interconversion;Nucleotide interconversion;Nucleotide interconversion;Nucleotide interconversion;Nucleotide interconversion;Nucleotide interconversion;Nucleotide interconversion;Nucleotide interconversion;Nucleotide interconversion;Nucleotide interconversion;Nucleotide interconversion;Nucleotide interconversion;Nucleotide interconversion;Nucleotide interconversion;Nucleotide interconversion;Nucleotide interconversion;Nucleotide interconversion;Nucleotide interconversion;Nucleotide interconversion;Nucleotide interconversion;Nucleotide interconversion;Nucleotide interconversion;Nucleotide interconversion;Nucleotide interconversion;Nucleotide interconversion;Nucleotide interconversion;Nucleotide interconversion;Nucleotide interconversion;Nucleotide interconversion;Nucleotide interconversion;Nucleotide interconversion;Nucleotide interconversion;Nucleotide interconversion;Nucleotide interconversion;Nucleotide interconversion;Nucleotide interconversion;Nucleotide interconversion;Nucleotide interconversion;Nucleotide interconversion
119,Didanosine,Gemcitabine,4,1.2,1.2,SLC29A1,"Transport, extracellular;Transport, mitochondrial;Transport, extracellular;Transport, mitochondrial;Transport, extracellular;Transport, extracellular;Transport, extracellular;Transport, mitochondrial;Transport, extracellular;Transport, extracellular;Transport, mitochondrial;Transport, nuclear"
120,Didanosine,Gemcitabine,4,1.2,1.2,PNP,NAD metabolism;Nucleotide interconversion;NAD metabolism;Nucleotide interconversion;Purine catabolism;Purine catabolism;Purine catabolism;Purine catabolism;Purine catabolism;Nucleotide interconversion
